derived_sample_id	FILTER_frac_genome_cov	FILTER_median_cov	FILTER_contamination	FILTER_nosexcall	FILTER_divergence
VBS54893-6781STDY12150017	PASS	PASS	PASS	PASS	PASS
VBS54894-6781STDY12150018	PASS	PASS	PASS	PASS	PASS
VBS54895-6781STDY12150019	PASS	PASS	PASS	PASS	PASS
VBS54898-6781STDY12150021	PASS	PASS	PASS	PASS	PASS
VBS54901-6781STDY12150024	PASS	PASS	PASS	PASS	PASS
VBS54903-6781STDY12150026	PASS	FAIL	PASS	PASS	PASS
VBS54904-6781STDY12150027	PASS	PASS	PASS	PASS	PASS
VBS54909-6781STDY12150031	FAIL	FAIL	PASS	PASS	PASS
VBS54911-6781STDY12150033	PASS	PASS	PASS	PASS	PASS
VBS54912-6781STDY12150034	PASS	PASS	PASS	PASS	PASS
VBS54913-6781STDY12150035	PASS	PASS	PASS	PASS	PASS
VBS54914-6781STDY12150036	PASS	PASS	PASS	PASS	PASS
VBS54915-6781STDY12150037	PASS	PASS	PASS	PASS	PASS
VBS54917-6781STDY12150038	PASS	PASS	PASS	PASS	PASS
VBS54918-6781STDY12150039	PASS	PASS	PASS	PASS	PASS
VBS54919-6781STDY12150040	PASS	PASS	PASS	PASS	PASS
VBS54923-6781STDY12150043	PASS	PASS	PASS	PASS	PASS
VBS54924-6781STDY12150044	PASS	PASS	PASS	PASS	PASS
VBS54927-6781STDY12150046	PASS	PASS	PASS	PASS	PASS
VBS54930-6781STDY12150049	PASS	PASS	PASS	PASS	PASS
VBS54931-6781STDY12150050	PASS	PASS	PASS	PASS	PASS
VBS54932-6781STDY12150051	PASS	PASS	PASS	PASS	PASS
VBS54934-6781STDY12150053	PASS	PASS	PASS	PASS	PASS
VBS54937-6781STDY12150056	PASS	PASS	PASS	PASS	PASS
VBS54938-6781STDY12150057	FAIL	FAIL	PASS	PASS	PASS
VBS54939-6781STDY12150058	PASS	PASS	PASS	PASS	PASS
VBS54941-6781STDY12150060	FAIL	FAIL	FAIL	PASS	PASS
VBS54942-6781STDY12150061	PASS	PASS	PASS	PASS	PASS
VBS54943-6781STDY12150062	PASS	FAIL	PASS	PASS	PASS
VBS54944-6781STDY12150063	PASS	PASS	PASS	PASS	PASS
VBS54945-6781STDY12150064	PASS	PASS	PASS	PASS	PASS
VBS54946-6781STDY12150065	PASS	PASS	PASS	PASS	PASS
VBS54947-6781STDY12150066	PASS	PASS	PASS	PASS	PASS
VBS54948-6781STDY12150067	PASS	PASS	PASS	PASS	PASS
VBS54949-6781STDY12150068	PASS	PASS	PASS	PASS	PASS
VBS54950-6781STDY12150069	PASS	PASS	PASS	PASS	PASS
VBS54951-6781STDY12150070	PASS	PASS	PASS	PASS	PASS
VBS54952-6781STDY12150071	PASS	PASS	PASS	PASS	PASS
VBS54953-6781STDY12150072	PASS	PASS	PASS	PASS	PASS
VBS54954-6781STDY12150073	PASS	PASS	PASS	PASS	PASS
VBS54955-6781STDY12150074	PASS	PASS	PASS	PASS	PASS
VBS54956-6781STDY12150075	PASS	PASS	PASS	PASS	PASS
VBS54958-6781STDY12150076	FAIL	FAIL	FAIL	PASS	PASS
VBS54959-6781STDY12150077	PASS	FAIL	PASS	PASS	PASS
VBS54961-6781STDY12150078	PASS	PASS	PASS	PASS	PASS
VBS54962-6781STDY12150079	PASS	PASS	PASS	PASS	PASS
VBS54963-6781STDY12150080	PASS	PASS	PASS	PASS	PASS
VBS54964-6781STDY12150081	PASS	PASS	PASS	PASS	PASS
VBS54965-6781STDY12150082	PASS	PASS	PASS	PASS	PASS
VBS54966-6781STDY12150083	PASS	PASS	PASS	PASS	PASS
VBS54967-6781STDY12150084	PASS	PASS	PASS	PASS	PASS
VBS54968-6781STDY12150085	PASS	PASS	PASS	PASS	PASS
VBS54969-6781STDY12150086	PASS	PASS	PASS	PASS	PASS
VBS54970-6781STDY12150087	PASS	PASS	PASS	PASS	PASS
VBS54971-6781STDY12150088	PASS	PASS	PASS	PASS	PASS
VBS54972-6781STDY12150089	PASS	PASS	PASS	PASS	PASS
VBS54973-6781STDY12150090	PASS	PASS	PASS	PASS	PASS
VBS54974-6781STDY12150091	PASS	PASS	PASS	PASS	PASS
VBS54975-6781STDY12150092	PASS	FAIL	PASS	PASS	PASS
VBS54976-6781STDY12150093	PASS	PASS	PASS	PASS	PASS
VBS54977-6781STDY12150094	PASS	PASS	PASS	PASS	PASS
VBS54978-6781STDY12150095	PASS	PASS	PASS	PASS	PASS
VBS54980-6781STDY12150097	PASS	PASS	PASS	PASS	PASS
VBS54982-6781STDY12150098	PASS	PASS	PASS	PASS	PASS
VBS54984-6781STDY12150100	PASS	PASS	PASS	PASS	PASS
VBS54987-6781STDY12150103	PASS	PASS	PASS	PASS	PASS
VBS54990-6781STDY12150106	PASS	PASS	PASS	PASS	PASS
VBS54992-6781STDY12150108	PASS	PASS	PASS	PASS	PASS
VBS54993-6781STDY12150109	PASS	PASS	PASS	PASS	PASS
VBS54994-6781STDY12150110	PASS	PASS	PASS	PASS	PASS
VBS54995-6781STDY12150113	PASS	PASS	PASS	PASS	PASS
VBS54996-6781STDY12150114	PASS	PASS	PASS	PASS	PASS
VBS54997-6781STDY12150115	PASS	PASS	PASS	PASS	PASS
VBS54998-6781STDY12150116	PASS	PASS	PASS	PASS	PASS
VBS54999-6781STDY12150117	PASS	PASS	PASS	PASS	PASS
VBS55000-6781STDY12150118	PASS	PASS	PASS	PASS	PASS
VBS55001-6781STDY12150119	PASS	PASS	PASS	PASS	PASS
VBS55002-6781STDY12150120	PASS	PASS	PASS	PASS	PASS
VBS55003-6781STDY12150121	PASS	PASS	PASS	PASS	PASS
VBS55004-6781STDY12150122	PASS	PASS	PASS	PASS	PASS
VBS55005-6781STDY12150123	PASS	PASS	PASS	PASS	PASS
VBS55006-6781STDY12150124	PASS	PASS	PASS	PASS	PASS
VBS55007-6781STDY12150125	PASS	PASS	PASS	PASS	PASS
VBS55008-6781STDY12150126	PASS	PASS	PASS	PASS	PASS
VBS55009-6781STDY12150127	PASS	PASS	PASS	PASS	PASS
VBS55010-6781STDY12150128	PASS	PASS	PASS	PASS	PASS
VBS55011-6781STDY12150129	PASS	PASS	PASS	PASS	PASS
VBS55012-6781STDY12150130	PASS	PASS	PASS	PASS	PASS
VBS55013-6781STDY12150131	PASS	PASS	PASS	PASS	PASS
VBS55014-6781STDY12150132	PASS	PASS	PASS	PASS	PASS
VBS55015-6781STDY12150133	PASS	PASS	PASS	PASS	PASS
VBS55016-6781STDY12150134	PASS	PASS	PASS	PASS	PASS
VBS55017-6781STDY12150135	PASS	PASS	PASS	PASS	PASS
VBS55018-6781STDY12150136	PASS	PASS	PASS	PASS	PASS
VBS55019-6781STDY12150137	PASS	PASS	PASS	PASS	PASS
VBS55020-6781STDY12150138	PASS	PASS	PASS	PASS	PASS
VBS55021-6781STDY12150139	PASS	PASS	PASS	PASS	PASS
VBS55022-6781STDY12150140	PASS	PASS	PASS	PASS	PASS
VBS55023-6781STDY12150141	PASS	PASS	PASS	PASS	PASS
VBS55024-6781STDY12150142	PASS	PASS	PASS	PASS	PASS
VBS55025-6781STDY12150143	PASS	PASS	PASS	PASS	PASS
VBS55026-6781STDY12150144	PASS	PASS	PASS	PASS	PASS
VBS55027-6781STDY12150145	PASS	PASS	PASS	PASS	PASS
VBS55028-6781STDY12150146	PASS	PASS	PASS	PASS	PASS
VBS55029-6781STDY12150147	PASS	PASS	PASS	PASS	PASS
VBS55030-6781STDY12150148	PASS	PASS	PASS	PASS	PASS
VBS55031-6781STDY12150149	PASS	PASS	PASS	PASS	PASS
VBS55032-6781STDY12150150	PASS	PASS	PASS	PASS	PASS
VBS55033-6781STDY12150151	PASS	PASS	PASS	PASS	PASS
VBS55034-6781STDY12150152	PASS	PASS	PASS	PASS	PASS
VBS55035-6781STDY12150153	PASS	PASS	PASS	PASS	PASS
VBS55036-6781STDY12150154	PASS	PASS	PASS	PASS	PASS
VBS55037-6781STDY12150155	PASS	PASS	PASS	PASS	PASS
VBS55038-6781STDY12150156	PASS	PASS	PASS	PASS	PASS
VBS55039-6781STDY12150157	PASS	PASS	PASS	PASS	PASS
VBS55040-6781STDY12150158	PASS	PASS	PASS	PASS	PASS
VBS55041-6781STDY12150159	PASS	PASS	PASS	PASS	PASS
VBS55042-6781STDY12150160	PASS	PASS	PASS	PASS	PASS
VBS55043-6781STDY12150161	PASS	PASS	PASS	PASS	PASS
VBS55044-6781STDY12150162	PASS	PASS	PASS	PASS	PASS
VBS55045-6781STDY12150163	PASS	PASS	PASS	PASS	PASS
VBS55046-6781STDY12150164	PASS	PASS	PASS	PASS	PASS
VBS55047-6781STDY12150165	PASS	PASS	PASS	PASS	PASS
VBS55048-6781STDY12150166	PASS	PASS	PASS	PASS	PASS
VBS55049-6781STDY12150167	PASS	PASS	PASS	PASS	PASS
VBS55050-6781STDY12150168	PASS	PASS	PASS	PASS	PASS
VBS55051-6781STDY12150169	PASS	PASS	PASS	PASS	PASS
VBS55052-6781STDY12150170	PASS	PASS	PASS	PASS	PASS
VBS55053-6781STDY12150171	PASS	PASS	PASS	PASS	PASS
VBS55054-6781STDY12150172	PASS	PASS	PASS	PASS	PASS
VBS55055-6781STDY12150173	PASS	PASS	PASS	PASS	PASS
VBS55056-6781STDY12150174	PASS	PASS	PASS	PASS	PASS
VBS55058-6781STDY12150175	PASS	PASS	PASS	PASS	PASS
VBS55059-6781STDY12150176	PASS	PASS	PASS	PASS	PASS
VBS55060-6781STDY12150177	PASS	PASS	PASS	PASS	PASS
VBS55061-6781STDY12150178	PASS	FAIL	PASS	PASS	PASS
VBS55062-6781STDY12150179	PASS	PASS	PASS	PASS	PASS
VBS55063-6781STDY12150180	PASS	PASS	PASS	PASS	PASS
VBS55064-6781STDY12150181	PASS	FAIL	PASS	PASS	PASS
VBS55065-6781STDY12150182	PASS	PASS	PASS	PASS	PASS
VBS55066-6781STDY12150183	PASS	PASS	PASS	PASS	PASS
VBS55067-6781STDY12150184	PASS	FAIL	PASS	PASS	PASS
VBS55068-6781STDY12150185	PASS	PASS	PASS	PASS	PASS
VBS55069-6781STDY12150186	PASS	PASS	PASS	PASS	PASS
VBS55070-6781STDY12150187	PASS	PASS	PASS	PASS	PASS
VBS55071-6781STDY12150188	PASS	PASS	PASS	PASS	PASS
VBS55073-6781STDY12150190	PASS	PASS	PASS	PASS	PASS
VBS55074-6781STDY12150191	PASS	PASS	PASS	PASS	PASS
VBS55075-6781STDY12150192	PASS	PASS	PASS	PASS	PASS
VBS55076-6781STDY12150193	PASS	PASS	PASS	PASS	PASS
VBS55077-6781STDY12150194	PASS	PASS	PASS	PASS	PASS
VBS55078-6781STDY12150195	PASS	PASS	PASS	PASS	PASS
VBS55079-6781STDY12150196	PASS	PASS	PASS	PASS	PASS
VBS55080-6781STDY12150197	PASS	PASS	PASS	PASS	PASS
VBS55081-6781STDY12150198	PASS	PASS	PASS	PASS	PASS
VBS55082-6781STDY12150199	PASS	PASS	PASS	PASS	PASS
VBS55083-6781STDY12150200	PASS	PASS	PASS	PASS	PASS
VBS55084-6781STDY12150201	PASS	PASS	PASS	PASS	PASS
VBS55085-6781STDY12150202	PASS	PASS	PASS	PASS	PASS
VBS55086-6781STDY12150203	PASS	PASS	PASS	PASS	PASS
VBS55087-6781STDY12150204	PASS	PASS	PASS	PASS	PASS
VBS55088-6781STDY12150205	PASS	PASS	PASS	PASS	PASS
VBS55089-6781STDY12150206	PASS	PASS	PASS	PASS	PASS
VBS55090-6781STDY12150209	PASS	PASS	PASS	PASS	PASS
VBS55092-6781STDY12150211	PASS	PASS	PASS	PASS	PASS
VBS55093-6781STDY12150212	PASS	PASS	PASS	PASS	PASS
VBS55094-6781STDY12150213	PASS	PASS	PASS	PASS	PASS
VBS55095-6781STDY12150214	PASS	PASS	PASS	PASS	PASS
VBS55096-6781STDY12150215	PASS	PASS	PASS	PASS	PASS
VBS55097-6781STDY12150216	PASS	PASS	PASS	PASS	PASS
VBS55098-6781STDY12150217	PASS	PASS	PASS	PASS	PASS
VBS55099-6781STDY12150218	PASS	PASS	PASS	PASS	PASS
VBS55100-6781STDY12150219	PASS	PASS	PASS	PASS	PASS
VBS55101-6781STDY12150220	PASS	PASS	PASS	PASS	PASS
VBS55102-6781STDY12150221	PASS	PASS	PASS	PASS	PASS
VBS55103-6781STDY12150222	PASS	PASS	PASS	PASS	PASS
VBS55104-6781STDY12150223	PASS	PASS	PASS	PASS	PASS
VBS55105-6781STDY12150224	PASS	PASS	PASS	PASS	PASS
VBS55106-6781STDY12150225	PASS	PASS	PASS	PASS	PASS
VBS55107-6781STDY12150226	PASS	PASS	PASS	PASS	PASS
VBS55108-6781STDY12150227	PASS	PASS	PASS	PASS	PASS
VBS55109-6781STDY12150228	PASS	PASS	PASS	PASS	PASS
VBS55110-6781STDY12150229	PASS	PASS	PASS	PASS	PASS
VBS55111-6781STDY12150230	PASS	PASS	PASS	PASS	PASS
VBS55112-6781STDY12150231	PASS	PASS	PASS	PASS	PASS
VBS55113-6781STDY12150232	PASS	PASS	PASS	PASS	PASS
VBS55114-6781STDY12150233	PASS	PASS	PASS	PASS	PASS
VBS55115-6781STDY12150234	PASS	PASS	PASS	PASS	PASS
VBS55116-6781STDY12150235	PASS	PASS	PASS	PASS	PASS
VBS55117-6781STDY12150236	PASS	PASS	PASS	PASS	PASS
VBS55118-6781STDY12150237	PASS	PASS	PASS	PASS	PASS
VBS55119-6781STDY12150238	PASS	PASS	PASS	PASS	PASS
VBS55120-6781STDY12150239	PASS	PASS	PASS	PASS	PASS
VBS55121-6781STDY12150240	PASS	PASS	PASS	PASS	PASS
VBS55122-6781STDY12150241	PASS	PASS	PASS	PASS	PASS
VBS55123-6781STDY12150242	PASS	PASS	PASS	PASS	PASS
VBS55124-6781STDY12150243	PASS	PASS	PASS	PASS	PASS
VBS55125-6781STDY12150244	PASS	PASS	PASS	PASS	PASS
VBS55126-6781STDY12150245	PASS	PASS	PASS	PASS	PASS
VBS55127-6781STDY12150246	PASS	PASS	PASS	PASS	PASS
VBS55128-6781STDY12150247	PASS	PASS	FAIL	PASS	PASS
VBS55129-6781STDY12150248	PASS	PASS	PASS	PASS	PASS
VBS55130-6781STDY12150249	PASS	PASS	FAIL	PASS	PASS
VBS55132-6781STDY12150250	PASS	PASS	PASS	PASS	PASS
VBS55133-6781STDY12150251	PASS	PASS	PASS	PASS	PASS
VBS55134-6781STDY12150252	PASS	PASS	PASS	PASS	PASS
VBS55135-6781STDY12150253	PASS	PASS	PASS	PASS	PASS
VBS55136-6781STDY12150254	PASS	PASS	PASS	PASS	PASS
VBS55137-6781STDY12150255	PASS	PASS	PASS	PASS	PASS
VBS55138-6781STDY12150256	PASS	PASS	PASS	PASS	PASS
VBS55139-6781STDY12150257	PASS	PASS	PASS	PASS	PASS
VBS55140-6781STDY12150258	PASS	PASS	PASS	PASS	PASS
VBS55141-6781STDY12150259	PASS	PASS	PASS	PASS	PASS
VBS55142-6781STDY12150260	PASS	PASS	PASS	PASS	PASS
VBS55143-6781STDY12150261	PASS	PASS	PASS	PASS	PASS
VBS55144-6781STDY12150262	PASS	PASS	PASS	PASS	PASS
VBS55145-6781STDY12150263	PASS	PASS	PASS	PASS	PASS
VBS55146-6781STDY12150264	PASS	PASS	PASS	PASS	PASS
VBS55147-6781STDY12150265	PASS	PASS	PASS	PASS	PASS
VBS55149-6781STDY12150266	PASS	PASS	PASS	PASS	PASS
VBS55153-6781STDY12150267	PASS	PASS	PASS	PASS	PASS
VBS55154-6781STDY12150268	PASS	PASS	PASS	PASS	PASS
VBS55155-6781STDY12150269	PASS	PASS	PASS	PASS	PASS
VBS55156-6781STDY12150270	PASS	PASS	PASS	PASS	PASS
VBS55157-6781STDY12150271	PASS	PASS	PASS	PASS	PASS
VBS55158-6781STDY12150272	PASS	PASS	PASS	PASS	PASS
VBS55159-6781STDY12150273	PASS	PASS	PASS	PASS	PASS
VBS55160-6781STDY12150274	PASS	PASS	PASS	PASS	PASS
VBS55161-6781STDY12150275	PASS	PASS	PASS	PASS	PASS
VBS55162-6781STDY12150276	PASS	PASS	PASS	PASS	PASS
VBS55163-6781STDY12150277	PASS	PASS	PASS	PASS	PASS
VBS55164-6781STDY12150278	PASS	PASS	PASS	PASS	PASS
VBS55166-6781STDY12150279	PASS	PASS	PASS	PASS	PASS
VBS55167-6781STDY12150280	PASS	PASS	PASS	PASS	PASS
VBS55168-6781STDY12150281	PASS	PASS	PASS	PASS	PASS
VBS55169-6781STDY12150282	PASS	PASS	PASS	PASS	PASS
VBS55170-6781STDY12150283	PASS	PASS	PASS	PASS	PASS
VBS55171-6781STDY12150284	PASS	PASS	PASS	PASS	PASS
VBS55172-6781STDY12150285	PASS	PASS	PASS	PASS	PASS
VBS55173-6781STDY12150286	PASS	PASS	PASS	PASS	PASS
VBS55174-6781STDY12150287	PASS	PASS	PASS	PASS	PASS
VBS55175-6781STDY12150288	PASS	PASS	PASS	PASS	PASS
VBS55176-6781STDY12150289	PASS	PASS	PASS	PASS	PASS
VBS55177-6781STDY12150290	PASS	PASS	PASS	PASS	PASS
VBS55178-6781STDY12150291	PASS	PASS	PASS	PASS	PASS
VBS55179-6781STDY12150292	PASS	PASS	PASS	PASS	PASS
VBS55180-6781STDY12150293	PASS	PASS	PASS	PASS	PASS
VBS55181-6781STDY12150294	PASS	PASS	PASS	PASS	PASS
VBS55182-6781STDY12150295	PASS	PASS	PASS	PASS	PASS
VBS55183-6781STDY12150296	PASS	PASS	PASS	PASS	PASS
VBS55184-6781STDY12150297	PASS	PASS	PASS	PASS	PASS
VBS55185-6781STDY12150298	PASS	PASS	PASS	PASS	PASS
VBS55186-6781STDY12150299	PASS	PASS	PASS	PASS	PASS
VBS55187-6781STDY12150300	PASS	PASS	PASS	PASS	PASS
VBS55188-6781STDY12150301	PASS	PASS	PASS	PASS	PASS
VBS55189-6781STDY12150302	PASS	PASS	PASS	PASS	PASS
VBS55190-6781STDY12150305	PASS	PASS	PASS	PASS	PASS
VBS55191-6781STDY12150306	PASS	PASS	PASS	PASS	PASS
VBS55192-6781STDY12150307	PASS	PASS	PASS	PASS	PASS
VBS55193-6781STDY12150308	PASS	PASS	PASS	PASS	PASS
VBS55194-6781STDY12150309	PASS	PASS	PASS	PASS	PASS
VBS55195-6781STDY12150310	PASS	PASS	PASS	PASS	PASS
VBS55196-6781STDY12150311	PASS	PASS	PASS	PASS	PASS
VBS55197-6781STDY12150312	PASS	PASS	PASS	PASS	PASS
VBS55198-6781STDY12150313	PASS	PASS	PASS	PASS	PASS
VBS55199-6781STDY12150314	PASS	PASS	PASS	PASS	PASS
VBS55200-6781STDY12150315	PASS	PASS	PASS	PASS	PASS
VBS55201-6781STDY12150316	PASS	PASS	PASS	PASS	PASS
VBS55202-6781STDY12150317	PASS	PASS	PASS	PASS	PASS
VBS55203-6781STDY12150318	PASS	PASS	PASS	PASS	PASS
VBS55204-6781STDY12150319	PASS	PASS	PASS	PASS	PASS
VBS55205-6781STDY12150320	PASS	PASS	PASS	PASS	PASS
VBS55206-6781STDY12150321	PASS	PASS	PASS	PASS	PASS
VBS55207-6781STDY12150322	PASS	PASS	PASS	PASS	PASS
VBS55208-6781STDY12150323	PASS	PASS	PASS	PASS	PASS
VBS55209-6781STDY12150324	PASS	PASS	PASS	PASS	PASS
VBS55210-6781STDY12150325	PASS	PASS	PASS	PASS	PASS
VBS55211-6781STDY12150326	PASS	PASS	PASS	PASS	PASS
VBS55212-6781STDY12150327	PASS	PASS	PASS	PASS	PASS
VBS55213-6781STDY12150328	PASS	PASS	PASS	PASS	PASS
VBS55214-6781STDY12150329	PASS	PASS	PASS	PASS	PASS
VBS55215-6781STDY12150330	PASS	PASS	PASS	PASS	PASS
VBS55216-6781STDY12150331	PASS	PASS	PASS	PASS	PASS
VBS55217-6781STDY12150332	PASS	PASS	PASS	PASS	PASS
VBS55218-6781STDY12150333	PASS	PASS	PASS	PASS	PASS
VBS55219-6781STDY12150334	PASS	PASS	PASS	PASS	PASS
VBS55220-6781STDY12150335	PASS	PASS	PASS	PASS	PASS
VBS55221-6781STDY12150336	PASS	PASS	PASS	PASS	PASS
VBS55222-6781STDY12150337	PASS	PASS	PASS	PASS	PASS
VBS55223-6781STDY12150338	PASS	PASS	PASS	PASS	PASS
VBS55224-6781STDY12150339	PASS	PASS	PASS	PASS	PASS
VBS55225-6781STDY12150340	PASS	PASS	PASS	PASS	PASS
VBS55226-6781STDY12150341	PASS	PASS	PASS	PASS	PASS
VBS55227-6781STDY12150342	PASS	PASS	PASS	PASS	PASS
VBS55228-6781STDY12150343	PASS	FAIL	PASS	PASS	PASS
VBS55229-6781STDY12150344	PASS	PASS	PASS	PASS	PASS
VBS55230-6781STDY12150345	PASS	PASS	PASS	PASS	PASS
VBS55231-6781STDY12150346	PASS	PASS	PASS	PASS	PASS
VBS55232-6781STDY12150347	PASS	PASS	PASS	PASS	PASS
VBS55233-6781STDY12150348	PASS	PASS	PASS	PASS	PASS
VBS55234-6781STDY12150349	PASS	PASS	PASS	PASS	PASS
VBS55235-6781STDY12150350	PASS	PASS	PASS	PASS	PASS
VBS55236-6781STDY12150351	PASS	PASS	PASS	PASS	PASS
VBS55237-6781STDY12150352	PASS	PASS	PASS	PASS	PASS
VBS55238-6781STDY12150353	PASS	PASS	PASS	PASS	PASS
VBS55239-6781STDY12150354	PASS	PASS	PASS	PASS	PASS
VBS55240-6781STDY12150355	PASS	PASS	PASS	PASS	PASS
VBS55241-6781STDY12150356	PASS	PASS	PASS	PASS	PASS
VBS55242-6781STDY12150357	PASS	PASS	PASS	PASS	PASS
VBS55243-6781STDY12150358	PASS	PASS	PASS	PASS	PASS
VBS55244-6781STDY12150359	PASS	PASS	PASS	PASS	PASS
VBS55245-6781STDY12150360	PASS	PASS	PASS	PASS	PASS
VBS55246-6781STDY12150361	PASS	PASS	PASS	PASS	PASS
VBS55247-6781STDY12150362	PASS	PASS	PASS	PASS	PASS
VBS55248-6781STDY12150363	PASS	PASS	PASS	PASS	PASS
VBS55249-6781STDY12150364	PASS	PASS	PASS	PASS	PASS
VBS55250-6781STDY12150365	PASS	PASS	PASS	PASS	PASS
VBS55251-6781STDY12150366	FAIL	FAIL	FAIL	PASS	PASS
VBS55252-6781STDY12150367	PASS	PASS	PASS	PASS	PASS
VBS55253-6781STDY12150368	PASS	PASS	PASS	PASS	PASS
VBS55254-6781STDY12150369	PASS	PASS	PASS	PASS	PASS
VBS55255-6781STDY12150370	PASS	PASS	PASS	PASS	PASS
VBS55256-6781STDY12150371	PASS	PASS	PASS	PASS	PASS
VBS55257-6781STDY12150372	PASS	PASS	PASS	PASS	PASS
VBS55258-6781STDY12150373	PASS	PASS	PASS	PASS	PASS
VBS55259-6781STDY12150374	PASS	PASS	PASS	PASS	PASS
VBS55260-6781STDY12150375	PASS	PASS	PASS	PASS	PASS
VBS55261-6781STDY12150376	PASS	PASS	PASS	PASS	PASS
VBS55262-6781STDY12150377	PASS	PASS	PASS	PASS	PASS
VBS55263-6781STDY12150378	PASS	PASS	PASS	PASS	PASS
VBS55264-6781STDY12150379	PASS	PASS	PASS	FAIL	PASS
VBS55265-6781STDY12150380	PASS	PASS	PASS	PASS	PASS
VBS55266-6781STDY12150381	PASS	PASS	PASS	PASS	PASS
VBS55267-6781STDY12150382	PASS	PASS	PASS	PASS	PASS
VBS55268-6781STDY12150383	PASS	PASS	PASS	PASS	PASS
VBS55269-6781STDY12150384	PASS	PASS	PASS	PASS	PASS
VBS55270-6781STDY12150385	PASS	PASS	PASS	PASS	PASS
VBS55271-6781STDY12150386	PASS	PASS	PASS	PASS	PASS
VBS55272-6781STDY12150387	PASS	PASS	PASS	PASS	PASS
VBS55273-6781STDY12150388	PASS	PASS	PASS	PASS	PASS
VBS55274-6781STDY12150389	PASS	PASS	PASS	PASS	PASS
VBS55275-6781STDY12150390	PASS	PASS	PASS	PASS	PASS
VBS55276-6781STDY12150391	PASS	PASS	PASS	PASS	PASS
VBS55277-6781STDY12150392	PASS	PASS	PASS	PASS	PASS
VBS55278-6781STDY12150393	PASS	PASS	PASS	PASS	PASS
VBS55279-6781STDY12150394	PASS	PASS	PASS	PASS	PASS
VBS55280-6781STDY12150395	PASS	PASS	PASS	PASS	PASS
VBS55281-6781STDY12150396	PASS	PASS	PASS	PASS	PASS
VBS55282-6781STDY12150397	PASS	PASS	PASS	PASS	PASS
VBS55283-6781STDY12150398	PASS	PASS	PASS	PASS	PASS
VBS55284-6781STDY12150401	PASS	PASS	PASS	PASS	PASS
VBS55285-6781STDY12150402	PASS	PASS	PASS	PASS	PASS
VBS55286-6781STDY12150403	PASS	PASS	PASS	PASS	PASS
VBS55287-6781STDY12150404	PASS	PASS	PASS	PASS	PASS
VBS55288-6781STDY12150405	PASS	PASS	PASS	PASS	PASS
VBS55289-6781STDY12150406	PASS	PASS	PASS	PASS	PASS
VBS55290-6781STDY12150407	PASS	PASS	PASS	PASS	PASS
VBS55291-6781STDY12150408	PASS	PASS	PASS	PASS	PASS
VBS55292-6781STDY12150409	PASS	PASS	PASS	PASS	PASS
VBS55293-6781STDY12150410	PASS	PASS	PASS	PASS	PASS
VBS55294-6781STDY12150411	PASS	PASS	PASS	PASS	PASS
VBS55295-6781STDY12150412	PASS	PASS	PASS	PASS	PASS
VBS55296-6781STDY12150413	PASS	PASS	PASS	PASS	PASS
VBS55297-6781STDY12150414	PASS	PASS	PASS	PASS	PASS
VBS55298-6781STDY12150415	PASS	PASS	PASS	PASS	PASS
VBS55299-6781STDY12150416	PASS	PASS	PASS	PASS	PASS
VBS55300-6781STDY12150417	PASS	PASS	PASS	PASS	PASS
VBS55301-6781STDY12150418	PASS	PASS	PASS	PASS	PASS
VBS55302-6781STDY12150419	PASS	PASS	PASS	PASS	PASS
VBS55303-6781STDY12150420	FAIL	PASS	PASS	PASS	PASS
VBS55304-6781STDY12150421	PASS	PASS	PASS	PASS	PASS
VBS55305-6781STDY12150422	PASS	PASS	PASS	PASS	PASS
VBS55306-6781STDY12150423	PASS	PASS	PASS	PASS	PASS
VBS55307-6781STDY12150424	PASS	PASS	PASS	PASS	PASS
VBS55308-6781STDY12150425	PASS	PASS	PASS	PASS	PASS
VBS55309-6781STDY12150426	PASS	PASS	PASS	PASS	PASS
VBS55310-6781STDY12150427	PASS	PASS	PASS	PASS	PASS
VBS55311-6781STDY12150428	PASS	PASS	PASS	PASS	PASS
VBS55312-6781STDY12150429	PASS	PASS	PASS	PASS	PASS
VBS55313-6781STDY12150430	PASS	PASS	PASS	PASS	PASS
VBS55314-6781STDY12150431	PASS	PASS	PASS	PASS	PASS
VBS55315-6781STDY12150432	PASS	PASS	PASS	PASS	PASS
VBS55316-6781STDY12150433	PASS	PASS	PASS	PASS	PASS
VBS55317-6781STDY12150434	PASS	PASS	PASS	PASS	PASS
VBS55318-6781STDY12150435	PASS	PASS	PASS	PASS	PASS
VBS55319-6781STDY12150436	PASS	PASS	PASS	PASS	PASS
VBS55320-6781STDY12150437	PASS	PASS	PASS	PASS	PASS
VBS55321-6781STDY12150438	PASS	PASS	PASS	PASS	PASS
VBS55322-6781STDY12150439	PASS	PASS	PASS	PASS	PASS
VBS55323-6781STDY12150440	PASS	PASS	PASS	PASS	PASS
VBS55324-6781STDY12150441	PASS	PASS	PASS	PASS	PASS
VBS55325-6781STDY12150442	PASS	PASS	PASS	PASS	PASS
VBS55326-6781STDY12150443	PASS	PASS	PASS	PASS	PASS
VBS55327-6781STDY12150444	PASS	PASS	PASS	PASS	PASS
VBS55328-6781STDY12150445	PASS	PASS	PASS	PASS	PASS
VBS55329-6781STDY12150446	PASS	PASS	PASS	PASS	PASS
VBS55330-6781STDY12150447	PASS	PASS	PASS	PASS	PASS
VBS55331-6781STDY12150448	PASS	PASS	PASS	PASS	PASS
VBS55332-6781STDY12150449	PASS	PASS	PASS	PASS	PASS
VBS55333-6781STDY12150450	PASS	PASS	PASS	PASS	PASS
VBS55334-6781STDY12150451	PASS	PASS	PASS	PASS	PASS
VBS55335-6781STDY12150452	PASS	PASS	PASS	PASS	PASS
VBS55336-6781STDY12150453	PASS	PASS	PASS	PASS	PASS
VBS55337-6781STDY12150454	PASS	PASS	PASS	PASS	PASS
VBS55338-6781STDY12150455	PASS	PASS	PASS	PASS	PASS
VBS55339-6781STDY12150456	PASS	PASS	PASS	PASS	PASS
VBS55340-6781STDY12150457	PASS	PASS	PASS	PASS	PASS
VBS55341-6781STDY12150458	PASS	PASS	PASS	PASS	PASS
VBS55342-6781STDY12150459	PASS	PASS	PASS	PASS	PASS
VBS55343-6781STDY12150460	PASS	PASS	PASS	PASS	PASS
VBS55344-6781STDY12150461	PASS	PASS	PASS	PASS	PASS
VBS55345-6781STDY12150462	PASS	PASS	PASS	PASS	PASS
VBS55346-6781STDY12150463	PASS	PASS	PASS	PASS	PASS
VBS55347-6781STDY12150464	PASS	PASS	PASS	PASS	PASS
VBS55348-6781STDY12150465	PASS	PASS	PASS	PASS	PASS
VBS55349-6781STDY12150466	PASS	PASS	PASS	PASS	PASS
VBS55350-6781STDY12150467	PASS	PASS	PASS	PASS	PASS
VBS55351-6781STDY12150468	PASS	PASS	PASS	PASS	PASS
VBS55352-6781STDY12150469	PASS	PASS	PASS	PASS	PASS
VBS55353-6781STDY12150470	PASS	PASS	PASS	PASS	PASS
VBS55354-6781STDY12150471	PASS	PASS	PASS	PASS	PASS
VBS55355-6781STDY12150472	PASS	PASS	PASS	PASS	PASS
VBS55356-6781STDY12150473	PASS	PASS	PASS	PASS	PASS
VBS55357-6781STDY12150474	PASS	PASS	PASS	PASS	PASS
VBS55358-6781STDY12150475	PASS	PASS	PASS	PASS	PASS
VBS55359-6781STDY12150476	PASS	PASS	PASS	PASS	PASS
VBS55360-6781STDY12150477	PASS	PASS	PASS	PASS	PASS
VBS55361-6781STDY12150478	PASS	PASS	PASS	PASS	PASS
VBS55362-6781STDY12150479	PASS	PASS	PASS	PASS	PASS
VBS55363-6781STDY12150480	PASS	PASS	PASS	PASS	PASS
VBS55364-6781STDY12150481	PASS	PASS	PASS	PASS	PASS
VBS55365-6781STDY12150482	PASS	PASS	PASS	PASS	PASS
VBS55366-6781STDY12150483	PASS	PASS	PASS	PASS	PASS
VBS55367-6781STDY12150484	PASS	FAIL	PASS	PASS	PASS
VBS55368-6781STDY12150485	PASS	PASS	PASS	PASS	PASS
VBS55369-6781STDY12150486	PASS	PASS	PASS	PASS	PASS
VBS55370-6781STDY12150487	PASS	PASS	PASS	PASS	PASS
VBS55371-6781STDY12150488	PASS	PASS	PASS	PASS	PASS
VBS55372-6781STDY12150489	PASS	PASS	PASS	PASS	PASS
VBS55373-6781STDY12150490	PASS	PASS	PASS	PASS	PASS
VBS55374-6781STDY12150491	PASS	PASS	PASS	PASS	PASS
VBS55375-6781STDY12150492	PASS	PASS	PASS	PASS	PASS
VBS55376-6781STDY12150493	PASS	PASS	PASS	PASS	PASS
VBS55377-6781STDY12150494	PASS	PASS	PASS	PASS	PASS
VBS55378-6781STDY12150497	PASS	PASS	PASS	PASS	PASS
VBS55379-6781STDY12150498	PASS	PASS	PASS	PASS	PASS
VBS55380-6781STDY12150499	PASS	PASS	PASS	PASS	PASS
VBS55381-6781STDY12150500	PASS	PASS	PASS	PASS	PASS
VBS55382-6781STDY12150501	PASS	PASS	PASS	PASS	PASS
VBS55383-6781STDY12150502	PASS	PASS	PASS	PASS	PASS
VBS55384-6781STDY12150503	PASS	PASS	PASS	PASS	PASS
VBS55385-6781STDY12150504	PASS	PASS	PASS	PASS	PASS
VBS55386-6781STDY12150505	PASS	PASS	PASS	PASS	PASS
VBS55387-6781STDY12150506	PASS	PASS	PASS	PASS	PASS
VBS55388-6781STDY12150507	PASS	PASS	PASS	PASS	PASS
VBS55389-6781STDY12150508	PASS	PASS	PASS	PASS	PASS
VBS55390-6781STDY12150509	PASS	PASS	PASS	PASS	PASS
VBS55391-6781STDY12150510	PASS	PASS	PASS	PASS	PASS
VBS55392-6781STDY12150511	PASS	PASS	PASS	PASS	PASS
VBS55393-6781STDY12150512	PASS	PASS	PASS	PASS	PASS
VBS55394-6781STDY12150513	PASS	PASS	PASS	PASS	PASS
VBS55395-6781STDY12150514	PASS	PASS	PASS	PASS	PASS
VBS55396-6781STDY12150515	PASS	PASS	PASS	PASS	PASS
VBS55397-6781STDY12150516	PASS	PASS	PASS	PASS	PASS
VBS55398-6781STDY12150517	PASS	PASS	PASS	PASS	PASS
VBS55399-6781STDY12150518	PASS	PASS	PASS	PASS	PASS
VBS55400-6781STDY12150519	PASS	PASS	PASS	PASS	PASS
VBS55401-6781STDY12150520	PASS	PASS	PASS	PASS	PASS
VBS55402-6781STDY12150521	PASS	PASS	PASS	PASS	PASS
VBS55403-6781STDY12150522	PASS	PASS	PASS	PASS	PASS
VBS55404-6781STDY12150523	PASS	PASS	PASS	PASS	PASS
VBS55405-6781STDY12150524	PASS	PASS	PASS	PASS	PASS
VBS55406-6781STDY12150525	PASS	PASS	PASS	PASS	PASS
VBS55407-6781STDY12150526	PASS	PASS	PASS	PASS	PASS
VBS55408-6781STDY12150527	PASS	PASS	PASS	PASS	PASS
VBS55409-6781STDY12150528	PASS	PASS	PASS	PASS	PASS
VBS55410-6781STDY12150529	PASS	PASS	PASS	PASS	PASS
VBS55411-6781STDY12150530	PASS	PASS	PASS	PASS	PASS
VBS55412-6781STDY12150531	PASS	PASS	PASS	PASS	PASS
VBS55413-6781STDY12150532	PASS	PASS	PASS	PASS	PASS
VBS55414-6781STDY12150533	PASS	PASS	PASS	PASS	PASS
VBS55415-6781STDY12150534	PASS	PASS	PASS	PASS	PASS
VBS55416-6781STDY12150535	PASS	PASS	PASS	PASS	PASS
VBS55417-6781STDY12150536	PASS	PASS	PASS	PASS	PASS
VBS55418-6781STDY12150537	PASS	PASS	PASS	PASS	PASS
VBS55419-6781STDY12150538	PASS	PASS	PASS	PASS	PASS
VBS55420-6781STDY12150539	PASS	PASS	PASS	PASS	PASS
VBS55421-6781STDY12150540	PASS	PASS	PASS	PASS	PASS
VBS55422-6781STDY12150541	PASS	PASS	PASS	PASS	PASS
