MalGEN_ID	External_ID	Date_of_Collection	Location	Country	Study	Sex_call
VBS54893	EA18-0001	2018-07-25T00:00:00Z	Moshi	Tanzania	1246:VO-TZ-KABULA-VMF00185	F
VBS54894	EA18-0003	2018-07-25T00:00:00Z	Moshi	Tanzania	1246:VO-TZ-KABULA-VMF00185	F
VBS54895	EA18-0004	2018-07-25T00:00:00Z	Moshi	Tanzania	1246:VO-TZ-KABULA-VMF00185	F
VBS54898	EA18-0008	2018-07-25T00:00:00Z	Moshi	Tanzania	1246:VO-TZ-KABULA-VMF00185	F
VBS54901	EA18-0012	2018-07-25T00:00:00Z	Moshi	Tanzania	1246:VO-TZ-KABULA-VMF00185	F
VBS54904	EA18-0015	2018-07-25T00:00:00Z	Moshi	Tanzania	1246:VO-TZ-KABULA-VMF00185	F
VBS54911	EA18-0022	2018-07-25T00:00:00Z	Moshi	Tanzania	1246:VO-TZ-KABULA-VMF00185	F
VBS54912	EA18-0023	2018-07-25T00:00:00Z	Moshi	Tanzania	1246:VO-TZ-KABULA-VMF00185	F
VBS54913	EA18-0026	2018-07-25T00:00:00Z	Moshi	Tanzania	1246:VO-TZ-KABULA-VMF00185	F
VBS54914	EA18-0027	2018-07-25T00:00:00Z	Moshi	Tanzania	1246:VO-TZ-KABULA-VMF00185	F
VBS54915	EA18-0029	2018-07-25T00:00:00Z	Moshi	Tanzania	1246:VO-TZ-KABULA-VMF00185	F
VBS54917	EA18-0032	2018-07-25T00:00:00Z	Moshi	Tanzania	1246:VO-TZ-KABULA-VMF00185	F
VBS54918	EA18-0033	2018-07-25T00:00:00Z	Moshi	Tanzania	1246:VO-TZ-KABULA-VMF00185	F
VBS54919	EA18-0034	2018-07-25T00:00:00Z	Moshi	Tanzania	1246:VO-TZ-KABULA-VMF00185	F
VBS54923	EA18-0038	2018-07-25T00:00:00Z	Moshi	Tanzania	1246:VO-TZ-KABULA-VMF00185	F
VBS54924	EA18-0039	2018-07-25T00:00:00Z	Moshi	Tanzania	1246:VO-TZ-KABULA-VMF00185	F
VBS54927	EA18-0043	2018-07-25T00:00:00Z	Moshi	Tanzania	1246:VO-TZ-KABULA-VMF00185	F
VBS54930	EA18-0046	2018-07-25T00:00:00Z	Moshi	Tanzania	1246:VO-TZ-KABULA-VMF00185	F
VBS54931	EA18-0047	2018-07-25T00:00:00Z	Moshi	Tanzania	1246:VO-TZ-KABULA-VMF00185	F
VBS54932	EA18-0049	2018-07-25T00:00:00Z	Moshi	Tanzania	1246:VO-TZ-KABULA-VMF00185	F
VBS54934	EA18-0051	2018-07-25T00:00:00Z	Moshi	Tanzania	1246:VO-TZ-KABULA-VMF00185	F
VBS54937	EA18-0057	2018-07-25T00:00:00Z	Moshi	Tanzania	1246:VO-TZ-KABULA-VMF00185	F
VBS54939	EA18-0059	2018-07-25T00:00:00Z	Moshi	Tanzania	1246:VO-TZ-KABULA-VMF00185	F
VBS54942	EA18-0062	2018-07-25T00:00:00Z	Moshi	Tanzania	1246:VO-TZ-KABULA-VMF00185	F
VBS54944	EA18-0064	2018-07-25T00:00:00Z	Moshi	Tanzania	1246:VO-TZ-KABULA-VMF00185	F
VBS54945	EA18-0066	2018-07-25T00:00:00Z	Moshi	Tanzania	1246:VO-TZ-KABULA-VMF00185	F
VBS54946	EA18-0067	2018-07-25T00:00:00Z	Moshi	Tanzania	1246:VO-TZ-KABULA-VMF00185	F
VBS54947	EA18-0068	2018-07-25T00:00:00Z	Moshi	Tanzania	1246:VO-TZ-KABULA-VMF00185	F
VBS54948	EA18-0069	2018-07-25T00:00:00Z	Moshi	Tanzania	1246:VO-TZ-KABULA-VMF00185	F
VBS54949	EA18-0070	2018-07-25T00:00:00Z	Moshi	Tanzania	1246:VO-TZ-KABULA-VMF00185	F
VBS54950	EA18-0071	2018-07-25T00:00:00Z	Moshi	Tanzania	1246:VO-TZ-KABULA-VMF00185	F
VBS54951	EA18-0072	2018-07-25T00:00:00Z	Moshi	Tanzania	1246:VO-TZ-KABULA-VMF00185	F
VBS54952	EA18-0073	2018-07-25T00:00:00Z	Moshi	Tanzania	1246:VO-TZ-KABULA-VMF00185	F
VBS54953	EA18-0075	2018-02-20T00:00:00Z	Moshi	Tanzania	1246:VO-TZ-KABULA-VMF00185	F
VBS54954	EA18-0076	2018-02-20T00:00:00Z	Moshi	Tanzania	1246:VO-TZ-KABULA-VMF00185	F
VBS54955	EA18-0077	2018-02-20T00:00:00Z	Moshi	Tanzania	1246:VO-TZ-KABULA-VMF00185	F
VBS54956	EA18-0078	2018-02-20T00:00:00Z	Moshi	Tanzania	1246:VO-TZ-KABULA-VMF00185	F
VBS54961	EA18-0083	2018-02-20T00:00:00Z	Moshi	Tanzania	1246:VO-TZ-KABULA-VMF00185	F
VBS54962	EA18-0084	2018-02-20T00:00:00Z	Moshi	Tanzania	1246:VO-TZ-KABULA-VMF00185	F
VBS54963	EA18-0085	2018-02-20T00:00:00Z	Moshi	Tanzania	1246:VO-TZ-KABULA-VMF00185	F
VBS54964	EA18-0086	2018-02-20T00:00:00Z	Moshi	Tanzania	1246:VO-TZ-KABULA-VMF00185	F
VBS54965	EA18-0087	2018-02-20T00:00:00Z	Moshi	Tanzania	1246:VO-TZ-KABULA-VMF00185	F
VBS54966	EA18-0088	2018-02-20T00:00:00Z	Moshi	Tanzania	1246:VO-TZ-KABULA-VMF00185	F
VBS54967	EA18-0089	2018-02-20T00:00:00Z	Moshi	Tanzania	1246:VO-TZ-KABULA-VMF00185	F
VBS54968	EA18-0090	2018-02-20T00:00:00Z	Moshi	Tanzania	1246:VO-TZ-KABULA-VMF00185	F
VBS54969	EA18-0091	2018-02-20T00:00:00Z	Moshi	Tanzania	1246:VO-TZ-KABULA-VMF00185	F
VBS54970	EA18-0092	2018-02-20T00:00:00Z	Moshi	Tanzania	1246:VO-TZ-KABULA-VMF00185	F
VBS54971	EA18-0093	2018-02-20T00:00:00Z	Moshi	Tanzania	1246:VO-TZ-KABULA-VMF00185	F
VBS54972	EA18-0094	2018-02-20T00:00:00Z	Moshi	Tanzania	1246:VO-TZ-KABULA-VMF00185	F
VBS54973	EA18-0095	2018-02-20T00:00:00Z	Moshi	Tanzania	1246:VO-TZ-KABULA-VMF00185	F
VBS54974	EA18-0096	2018-02-20T00:00:00Z	Moshi	Tanzania	1246:VO-TZ-KABULA-VMF00185	F
VBS54976	EA18-0098	2018-08-06T00:00:00Z	Moshi	Tanzania	1246:VO-TZ-KABULA-VMF00185	F
VBS54977	EA18-0099	2018-08-06T00:00:00Z	Moshi	Tanzania	1246:VO-TZ-KABULA-VMF00185	F
VBS54978	EA18-0100	2018-08-06T00:00:00Z	Moshi	Tanzania	1246:VO-TZ-KABULA-VMF00185	F
VBS54980	EA18-0102	2018-08-06T00:00:00Z	Moshi	Tanzania	1246:VO-TZ-KABULA-VMF00185	F
VBS54982	EA18-0104	2018-08-06T00:00:00Z	Moshi	Tanzania	1246:VO-TZ-KABULA-VMF00185	F
VBS54984	EA18-0106	2018-08-06T00:00:00Z	Moshi	Tanzania	1246:VO-TZ-KABULA-VMF00185	F
VBS54987	EA18-0109	2018-08-06T00:00:00Z	Moshi	Tanzania	1246:VO-TZ-KABULA-VMF00185	F
VBS54990	EA18-0112	2018-08-06T00:00:00Z	Moshi	Tanzania	1246:VO-TZ-KABULA-VMF00185	F
VBS54992	EA18-0114	2018-08-06T00:00:00Z	Moshi	Tanzania	1246:VO-TZ-KABULA-VMF00185	F
VBS54993	EA18-0115	2018-08-06T00:00:00Z	Moshi	Tanzania	1246:VO-TZ-KABULA-VMF00185	F
VBS54994	EA18-0116	2018-08-06T00:00:00Z	Moshi	Tanzania	1246:VO-TZ-KABULA-VMF00185	F
VBS54995	EA18-0117	2018-08-06T00:00:00Z	Moshi	Tanzania	1246:VO-TZ-KABULA-VMF00185	F
VBS54996	EA18-0118	2018-08-06T00:00:00Z	Moshi	Tanzania	1246:VO-TZ-KABULA-VMF00185	F
VBS54997	EA18-0119	2018-08-06T00:00:00Z	Moshi	Tanzania	1246:VO-TZ-KABULA-VMF00185	F
VBS54998	EA18-0120	2018-08-06T00:00:00Z	Moshi	Tanzania	1246:VO-TZ-KABULA-VMF00185	F
VBS54999	EA18-0121	2018-08-06T00:00:00Z	Moshi	Tanzania	1246:VO-TZ-KABULA-VMF00185	F
VBS55000	EA18-0122	2018-08-06T00:00:00Z	Moshi	Tanzania	1246:VO-TZ-KABULA-VMF00185	F
VBS55001	EA18-0123	2018-08-06T00:00:00Z	Moshi	Tanzania	1246:VO-TZ-KABULA-VMF00185	F
VBS55002	EA18-0124	2018-08-06T00:00:00Z	Moshi	Tanzania	1246:VO-TZ-KABULA-VMF00185	F
VBS55003	EA18-0125	2018-08-06T00:00:00Z	Moshi	Tanzania	1246:VO-TZ-KABULA-VMF00185	F
VBS55004	EA18-0126	2018-08-06T00:00:00Z	Moshi	Tanzania	1246:VO-TZ-KABULA-VMF00185	F
VBS55005	EA18-0127	2018-08-06T00:00:00Z	Moshi	Tanzania	1246:VO-TZ-KABULA-VMF00185	F
VBS55006	EA18-0128	2018-08-06T00:00:00Z	Moshi	Tanzania	1246:VO-TZ-KABULA-VMF00185	F
VBS55007	EA18-0129	2018-08-06T00:00:00Z	Moshi	Tanzania	1246:VO-TZ-KABULA-VMF00185	F
VBS55008	EA18-0130	2018-08-06T00:00:00Z	Moshi	Tanzania	1246:VO-TZ-KABULA-VMF00185	F
VBS55009	EA18-0131	2018-08-06T00:00:00Z	Moshi	Tanzania	1246:VO-TZ-KABULA-VMF00185	F
VBS55010	EA18-0132	2018-08-06T00:00:00Z	Moshi	Tanzania	1246:VO-TZ-KABULA-VMF00185	F
VBS55011	EA18-0133	2018-08-06T00:00:00Z	Moshi	Tanzania	1246:VO-TZ-KABULA-VMF00185	F
VBS55012	EA18-0134	2018-08-06T00:00:00Z	Moshi	Tanzania	1246:VO-TZ-KABULA-VMF00185	F
VBS55013	EA18-0135	2018-08-06T00:00:00Z	Moshi	Tanzania	1246:VO-TZ-KABULA-VMF00185	F
VBS55014	EA18-0136	2018-08-06T00:00:00Z	Moshi	Tanzania	1246:VO-TZ-KABULA-VMF00185	F
VBS55015	EA18-0137	2018-08-06T00:00:00Z	Moshi	Tanzania	1246:VO-TZ-KABULA-VMF00185	F
VBS55016	EA18-0139	2018-08-06T00:00:00Z	Moshi	Tanzania	1246:VO-TZ-KABULA-VMF00185	F
VBS55017	EA18-0140	2018-08-06T00:00:00Z	Moshi	Tanzania	1246:VO-TZ-KABULA-VMF00185	F
VBS55018	EA18-0141	2018-08-06T00:00:00Z	Moshi	Tanzania	1246:VO-TZ-KABULA-VMF00185	F
VBS55019	EA18-0142	2018-08-06T00:00:00Z	Moshi	Tanzania	1246:VO-TZ-KABULA-VMF00185	F
VBS55020	EA18-0143	2018-08-06T00:00:00Z	Moshi	Tanzania	1246:VO-TZ-KABULA-VMF00185	F
VBS55021	EA18-0144	2018-08-06T00:00:00Z	Moshi	Tanzania	1246:VO-TZ-KABULA-VMF00185	F
VBS55022	EA18-0145	2018-08-06T00:00:00Z	Moshi	Tanzania	1246:VO-TZ-KABULA-VMF00185	F
VBS55023	EA18-0146	2018-08-06T00:00:00Z	Moshi	Tanzania	1246:VO-TZ-KABULA-VMF00185	F
VBS55024	EA18-0147	2018-08-06T00:00:00Z	Moshi	Tanzania	1246:VO-TZ-KABULA-VMF00185	F
VBS55025	EA18-0148	2018-08-06T00:00:00Z	Moshi	Tanzania	1246:VO-TZ-KABULA-VMF00185	F
VBS55026	EA18-0149	2018-08-06T00:00:00Z	Moshi	Tanzania	1246:VO-TZ-KABULA-VMF00185	F
VBS55027	EA18-0150	2018-08-06T00:00:00Z	Moshi	Tanzania	1246:VO-TZ-KABULA-VMF00185	F
VBS55028	EA18-0151	2018-08-06T00:00:00Z	Moshi	Tanzania	1246:VO-TZ-KABULA-VMF00185	F
VBS55029	EA18-0152	2018-08-06T00:00:00Z	Moshi	Tanzania	1246:VO-TZ-KABULA-VMF00185	F
VBS55030	EA18-0153	2018-08-06T00:00:00Z	Moshi	Tanzania	1246:VO-TZ-KABULA-VMF00185	F
VBS55031	EA18-0154	2018-08-06T00:00:00Z	Moshi	Tanzania	1246:VO-TZ-KABULA-VMF00185	F
VBS55032	EA18-0155	2018-08-06T00:00:00Z	Moshi	Tanzania	1246:VO-TZ-KABULA-VMF00185	F
VBS55033	EA18-0156	2018-08-06T00:00:00Z	Moshi	Tanzania	1246:VO-TZ-KABULA-VMF00185	F
VBS55034	EA18-0157	2018-08-06T00:00:00Z	Moshi	Tanzania	1246:VO-TZ-KABULA-VMF00185	F
VBS55035	EA18-0158	2018-08-06T00:00:00Z	Moshi	Tanzania	1246:VO-TZ-KABULA-VMF00185	F
VBS55036	EA18-0159	2018-08-06T00:00:00Z	Moshi	Tanzania	1246:VO-TZ-KABULA-VMF00185	F
VBS55037	EA18-0160	2018-08-06T00:00:00Z	Moshi	Tanzania	1246:VO-TZ-KABULA-VMF00185	F
VBS55038	EA18-0161	2018-08-06T00:00:00Z	Moshi	Tanzania	1246:VO-TZ-KABULA-VMF00185	F
VBS55039	EA18-0163	2018-08-06T00:00:00Z	Moshi	Tanzania	1246:VO-TZ-KABULA-VMF00185	F
VBS55040	EA18-0164	2018-08-06T00:00:00Z	Moshi	Tanzania	1246:VO-TZ-KABULA-VMF00185	F
VBS55041	EA18-0165	2018-08-06T00:00:00Z	Moshi	Tanzania	1246:VO-TZ-KABULA-VMF00185	F
VBS55042	EA18-0166	2018-08-06T00:00:00Z	Moshi	Tanzania	1246:VO-TZ-KABULA-VMF00185	F
VBS55043	EA18-0167	2018-08-06T00:00:00Z	Moshi	Tanzania	1246:VO-TZ-KABULA-VMF00185	F
VBS55044	EA18-0168	2018-08-06T00:00:00Z	Moshi	Tanzania	1246:VO-TZ-KABULA-VMF00185	F
VBS55045	EA18-0169	2018-08-06T00:00:00Z	Moshi	Tanzania	1246:VO-TZ-KABULA-VMF00185	F
VBS55046	EA18-0170	2018-08-06T00:00:00Z	Moshi	Tanzania	1246:VO-TZ-KABULA-VMF00185	F
VBS55047	EA18-0171	2018-08-06T00:00:00Z	Moshi	Tanzania	1246:VO-TZ-KABULA-VMF00185	F
VBS55048	EA18-0172	2018-08-06T00:00:00Z	Moshi	Tanzania	1246:VO-TZ-KABULA-VMF00185	F
VBS55049	EA18-0173	2018-08-06T00:00:00Z	Moshi	Tanzania	1246:VO-TZ-KABULA-VMF00185	F
VBS55050	EA18-0174	2018-08-06T00:00:00Z	Moshi	Tanzania	1246:VO-TZ-KABULA-VMF00185	F
VBS55051	EA18-0175	2018-08-06T00:00:00Z	Moshi	Tanzania	1246:VO-TZ-KABULA-VMF00185	F
VBS55052	EA18-0176	2018-08-06T00:00:00Z	Moshi	Tanzania	1246:VO-TZ-KABULA-VMF00185	F
VBS55053	EA18-0177	2018-08-06T00:00:00Z	Moshi	Tanzania	1246:VO-TZ-KABULA-VMF00185	F
VBS55054	EA18-0178	2018-08-06T00:00:00Z	Moshi	Tanzania	1246:VO-TZ-KABULA-VMF00185	F
VBS55055	EA18-0179	2018-08-06T00:00:00Z	Moshi	Tanzania	1246:VO-TZ-KABULA-VMF00185	F
VBS55056	EA18-0180	2018-08-06T00:00:00Z	Moshi	Tanzania	1246:VO-TZ-KABULA-VMF00185	F
VBS55058	EA18-0182	2018-08-06T00:00:00Z	Moshi	Tanzania	1246:VO-TZ-KABULA-VMF00185	F
VBS55059	EA18-0183	2018-08-06T00:00:00Z	Moshi	Tanzania	1246:VO-TZ-KABULA-VMF00185	F
VBS55060	EA18-0184	2018-08-06T00:00:00Z	Moshi	Tanzania	1246:VO-TZ-KABULA-VMF00185	F
VBS55062	EA18-0186	2018-08-06T00:00:00Z	Moshi	Tanzania	1246:VO-TZ-KABULA-VMF00185	F
VBS55063	EA18-0187	2018-08-06T00:00:00Z	Moshi	Tanzania	1246:VO-TZ-KABULA-VMF00185	F
VBS55065	EA18-0189	2018-08-06T00:00:00Z	Moshi	Tanzania	1246:VO-TZ-KABULA-VMF00185	F
VBS55066	EA18-0190	2018-08-06T00:00:00Z	Moshi	Tanzania	1246:VO-TZ-KABULA-VMF00185	F
VBS55068	EA18-0192	2018-08-06T00:00:00Z	Moshi	Tanzania	1246:VO-TZ-KABULA-VMF00185	F
VBS55069	EA18-0193	2018-08-16T00:00:00Z	Moshi	Tanzania	1246:VO-TZ-KABULA-VMF00185	F
VBS55070	EA18-0194	2018-08-16T00:00:00Z	Moshi	Tanzania	1246:VO-TZ-KABULA-VMF00185	F
VBS55071	EA18-0195	2018-08-16T00:00:00Z	Moshi	Tanzania	1246:VO-TZ-KABULA-VMF00185	F
VBS55073	EA18-0197	2018-08-16T00:00:00Z	Moshi	Tanzania	1246:VO-TZ-KABULA-VMF00185	F
VBS55074	EA18-0198	2018-08-16T00:00:00Z	Moshi	Tanzania	1246:VO-TZ-KABULA-VMF00185	F
VBS55075	EA18-0200	2018-08-16T00:00:00Z	Moshi	Tanzania	1246:VO-TZ-KABULA-VMF00185	F
VBS55076	EA18-0201	2018-08-16T00:00:00Z	Moshi	Tanzania	1246:VO-TZ-KABULA-VMF00185	F
VBS55077	EA18-0202	2018-08-16T00:00:00Z	Moshi	Tanzania	1246:VO-TZ-KABULA-VMF00185	F
VBS55078	EA18-0203	2018-08-16T00:00:00Z	Moshi	Tanzania	1246:VO-TZ-KABULA-VMF00185	F
VBS55079	EA18-0204	2018-08-16T00:00:00Z	Moshi	Tanzania	1246:VO-TZ-KABULA-VMF00185	F
VBS55080	EA18-0206	2018-08-16T00:00:00Z	Moshi	Tanzania	1246:VO-TZ-KABULA-VMF00185	F
VBS55083	EA18-0213	2018-08-16T00:00:00Z	Moshi	Tanzania	1246:VO-TZ-KABULA-VMF00185	F
VBS55084	EA18-0214	2018-08-16T00:00:00Z	Moshi	Tanzania	1246:VO-TZ-KABULA-VMF00185	F
VBS55085	EA18-0215	2018-08-16T00:00:00Z	Moshi	Tanzania	1246:VO-TZ-KABULA-VMF00185	F
VBS55086	EA18-0216	2018-08-16T00:00:00Z	Moshi	Tanzania	1246:VO-TZ-KABULA-VMF00185	F
VBS55087	EA18-0217	2018-08-16T00:00:00Z	Moshi	Tanzania	1246:VO-TZ-KABULA-VMF00185	F
VBS55088	EA18-0218	2018-08-16T00:00:00Z	Moshi	Tanzania	1246:VO-TZ-KABULA-VMF00185	F
VBS55089	EA18-0219	2018-08-16T00:00:00Z	Moshi	Tanzania	1246:VO-TZ-KABULA-VMF00185	F
VBS55090	EA18-0220	2018-08-16T00:00:00Z	Moshi	Tanzania	1246:VO-TZ-KABULA-VMF00185	F
VBS55092	EA18-0222	2018-08-16T00:00:00Z	Moshi	Tanzania	1246:VO-TZ-KABULA-VMF00185	F
VBS55093	EA18-0223	2018-08-16T00:00:00Z	Moshi	Tanzania	1246:VO-TZ-KABULA-VMF00185	F
VBS55094	EA18-0224	2018-08-16T00:00:00Z	Moshi	Tanzania	1246:VO-TZ-KABULA-VMF00185	F
VBS55095	EA18-0225	2018-08-16T00:00:00Z	Moshi	Tanzania	1246:VO-TZ-KABULA-VMF00185	F
VBS55096	EA18-0227	2018-08-16T00:00:00Z	Moshi	Tanzania	1246:VO-TZ-KABULA-VMF00185	F
VBS55097	EA18-0229	2018-08-16T00:00:00Z	Moshi	Tanzania	1246:VO-TZ-KABULA-VMF00185	F
VBS55098	EA18-0230	2018-08-16T00:00:00Z	Moshi	Tanzania	1246:VO-TZ-KABULA-VMF00185	F
VBS55099	EA18-0233	2018-08-16T00:00:00Z	Moshi	Tanzania	1246:VO-TZ-KABULA-VMF00185	F
VBS55100	EA18-0234	2018-08-16T00:00:00Z	Moshi	Tanzania	1246:VO-TZ-KABULA-VMF00185	F
VBS55101	EA18-0235	2018-08-16T00:00:00Z	Moshi	Tanzania	1246:VO-TZ-KABULA-VMF00185	F
VBS55102	EA18-0236	2018-08-16T00:00:00Z	Moshi	Tanzania	1246:VO-TZ-KABULA-VMF00185	F
VBS55103	EA18-0237	2018-08-16T00:00:00Z	Moshi	Tanzania	1246:VO-TZ-KABULA-VMF00185	F
VBS55104	EA18-0239	2018-08-16T00:00:00Z	Moshi	Tanzania	1246:VO-TZ-KABULA-VMF00185	F
VBS55105	EA18-0240	2018-08-16T00:00:00Z	Moshi	Tanzania	1246:VO-TZ-KABULA-VMF00185	F
VBS55106	EA18-0241	2018-08-16T00:00:00Z	Moshi	Tanzania	1246:VO-TZ-KABULA-VMF00185	F
VBS55107	EA18-0242	2018-08-16T00:00:00Z	Moshi	Tanzania	1246:VO-TZ-KABULA-VMF00185	F
VBS55108	EA18-0243	2018-08-16T00:00:00Z	Moshi	Tanzania	1246:VO-TZ-KABULA-VMF00185	F
VBS55109	EA18-0244	2018-08-16T00:00:00Z	Moshi	Tanzania	1246:VO-TZ-KABULA-VMF00185	F
VBS55110	EA18-0245	2018-08-16T00:00:00Z	Moshi	Tanzania	1246:VO-TZ-KABULA-VMF00185	F
VBS55111	EA18-0246	2018-08-16T00:00:00Z	Moshi	Tanzania	1246:VO-TZ-KABULA-VMF00185	F
VBS55112	EA18-0247	2018-08-16T00:00:00Z	Moshi	Tanzania	1246:VO-TZ-KABULA-VMF00185	F
VBS55113	EA18-0249	2018-08-16T00:00:00Z	Moshi	Tanzania	1246:VO-TZ-KABULA-VMF00185	F
VBS55114	EA18-0250	2018-08-16T00:00:00Z	Moshi	Tanzania	1246:VO-TZ-KABULA-VMF00185	F
VBS55115	EA18-0251	2018-08-16T00:00:00Z	Moshi	Tanzania	1246:VO-TZ-KABULA-VMF00185	F
VBS55116	EA18-0252	2018-08-16T00:00:00Z	Moshi	Tanzania	1246:VO-TZ-KABULA-VMF00185	F
VBS55117	EA18-0253	2018-08-16T00:00:00Z	Moshi	Tanzania	1246:VO-TZ-KABULA-VMF00185	F
VBS55118	EA18-0255	2018-08-16T00:00:00Z	Moshi	Tanzania	1246:VO-TZ-KABULA-VMF00185	F
VBS55119	EA18-0257	2018-08-16T00:00:00Z	Moshi	Tanzania	1246:VO-TZ-KABULA-VMF00185	F
VBS55120	EA18-0258	2018-08-16T00:00:00Z	Moshi	Tanzania	1246:VO-TZ-KABULA-VMF00185	F
VBS55121	EA18-0259	2018-08-16T00:00:00Z	Moshi	Tanzania	1246:VO-TZ-KABULA-VMF00185	F
VBS55122	EA18-0260	2018-08-16T00:00:00Z	Moshi	Tanzania	1246:VO-TZ-KABULA-VMF00185	F
VBS55123	EA18-0261	2018-08-16T00:00:00Z	Moshi	Tanzania	1246:VO-TZ-KABULA-VMF00185	F
VBS55124	EA18-0262	2018-08-16T00:00:00Z	Moshi	Tanzania	1246:VO-TZ-KABULA-VMF00185	F
VBS55125	EA18-0263	2018-08-16T00:00:00Z	Moshi	Tanzania	1246:VO-TZ-KABULA-VMF00185	F
VBS55126	EA18-0264	2018-08-16T00:00:00Z	Moshi	Tanzania	1246:VO-TZ-KABULA-VMF00185	F
VBS55127	EA18-0266	2018-08-16T00:00:00Z	Moshi	Tanzania	1246:VO-TZ-KABULA-VMF00185	F
VBS55129	EA18-0268	2018-08-16T00:00:00Z	Moshi	Tanzania	1246:VO-TZ-KABULA-VMF00185	F
VBS55132	EA18-0271	2018-08-16T00:00:00Z	Moshi	Tanzania	1246:VO-TZ-KABULA-VMF00185	F
VBS55133	EA18-0272	2018-08-16T00:00:00Z	Moshi	Tanzania	1246:VO-TZ-KABULA-VMF00185	F
VBS55134	EA18-0273	2018-08-16T00:00:00Z	Moshi	Tanzania	1246:VO-TZ-KABULA-VMF00185	F
VBS55135	EA18-0274	2018-08-16T00:00:00Z	Moshi	Tanzania	1246:VO-TZ-KABULA-VMF00185	F
VBS55136	EA18-0275	2018-08-16T00:00:00Z	Moshi	Tanzania	1246:VO-TZ-KABULA-VMF00185	F
VBS55137	EA18-0276	2018-08-16T00:00:00Z	Moshi	Tanzania	1246:VO-TZ-KABULA-VMF00185	F
VBS55138	EA18-0277	2018-08-16T00:00:00Z	Moshi	Tanzania	1246:VO-TZ-KABULA-VMF00185	F
VBS55139	EA18-0278	2018-08-16T00:00:00Z	Moshi	Tanzania	1246:VO-TZ-KABULA-VMF00185	F
VBS55140	EA18-0279	2018-08-16T00:00:00Z	Moshi	Tanzania	1246:VO-TZ-KABULA-VMF00185	F
VBS55141	EA18-0280	2018-08-16T00:00:00Z	Moshi	Tanzania	1246:VO-TZ-KABULA-VMF00185	F
VBS55142	EA18-0281	2018-08-16T00:00:00Z	Moshi	Tanzania	1246:VO-TZ-KABULA-VMF00185	F
VBS55143	EA18-0283	2018-08-16T00:00:00Z	Moshi	Tanzania	1246:VO-TZ-KABULA-VMF00185	F
VBS55144	EA18-0284	2018-08-16T00:00:00Z	Moshi	Tanzania	1246:VO-TZ-KABULA-VMF00185	F
VBS55145	EA18-0285	2018-08-16T00:00:00Z	Moshi	Tanzania	1246:VO-TZ-KABULA-VMF00185	F
VBS55146	EA18-0286	2018-08-16T00:00:00Z	Moshi	Tanzania	1246:VO-TZ-KABULA-VMF00185	F
VBS55147	EA18-0287	2018-08-16T00:00:00Z	Moshi	Tanzania	1246:VO-TZ-KABULA-VMF00185	F
VBS55149	EA18-0289	2018-08-25T00:00:00Z	Moshi	Tanzania	1246:VO-TZ-KABULA-VMF00185	F
VBS55153	EA18-0294	2018-08-25T00:00:00Z	Moshi	Tanzania	1246:VO-TZ-KABULA-VMF00185	F
VBS55154	EA18-0295	2018-08-25T00:00:00Z	Moshi	Tanzania	1246:VO-TZ-KABULA-VMF00185	F
VBS55155	EA18-0296	2018-08-25T00:00:00Z	Moshi	Tanzania	1246:VO-TZ-KABULA-VMF00185	F
VBS55156	EA18-0297	2018-08-25T00:00:00Z	Moshi	Tanzania	1246:VO-TZ-KABULA-VMF00185	F
VBS55157	EA18-0298	2018-08-25T00:00:00Z	Moshi	Tanzania	1246:VO-TZ-KABULA-VMF00185	F
VBS55158	EA18-0299	2018-08-25T00:00:00Z	Moshi	Tanzania	1246:VO-TZ-KABULA-VMF00185	F
VBS55159	EA18-0300	2018-08-25T00:00:00Z	Moshi	Tanzania	1246:VO-TZ-KABULA-VMF00185	F
VBS55160	EA18-0301	2018-08-25T00:00:00Z	Moshi	Tanzania	1246:VO-TZ-KABULA-VMF00185	F
VBS55161	EA18-0302	2018-08-25T00:00:00Z	Moshi	Tanzania	1246:VO-TZ-KABULA-VMF00185	F
VBS55162	EA18-0303	2018-08-25T00:00:00Z	Moshi	Tanzania	1246:VO-TZ-KABULA-VMF00185	F
VBS55163	EA18-0304	2018-08-25T00:00:00Z	Moshi	Tanzania	1246:VO-TZ-KABULA-VMF00185	F
VBS55164	EA18-0305	2018-08-25T00:00:00Z	Moshi	Tanzania	1246:VO-TZ-KABULA-VMF00185	F
VBS55166	EA18-0307	2018-08-25T00:00:00Z	Moshi	Tanzania	1246:VO-TZ-KABULA-VMF00185	F
VBS55167	EA18-0308	2018-08-25T00:00:00Z	Moshi	Tanzania	1246:VO-TZ-KABULA-VMF00185	F
VBS55168	EA18-0309	2018-08-25T00:00:00Z	Moshi	Tanzania	1246:VO-TZ-KABULA-VMF00185	F
VBS55169	EA18-0310	2018-08-25T00:00:00Z	Moshi	Tanzania	1246:VO-TZ-KABULA-VMF00185	F
VBS55170	EA18-0311	2018-08-25T00:00:00Z	Moshi	Tanzania	1246:VO-TZ-KABULA-VMF00185	F
VBS55171	EA18-0312	2018-08-25T00:00:00Z	Moshi	Tanzania	1246:VO-TZ-KABULA-VMF00185	F
VBS55172	EA18-0313	2018-08-25T00:00:00Z	Moshi	Tanzania	1246:VO-TZ-KABULA-VMF00185	F
VBS55173	EA18-0314	2018-08-25T00:00:00Z	Moshi	Tanzania	1246:VO-TZ-KABULA-VMF00185	F
VBS55174	EA18-0316	2018-08-25T00:00:00Z	Moshi	Tanzania	1246:VO-TZ-KABULA-VMF00185	F
VBS55175	EA18-0317	2018-08-25T00:00:00Z	Moshi	Tanzania	1246:VO-TZ-KABULA-VMF00185	F
VBS55176	EA18-0318	2018-08-25T00:00:00Z	Moshi	Tanzania	1246:VO-TZ-KABULA-VMF00185	F
VBS55177	EA18-0319	2018-08-25T00:00:00Z	Moshi	Tanzania	1246:VO-TZ-KABULA-VMF00185	F
VBS55178	EA18-0320	2018-08-25T00:00:00Z	Moshi	Tanzania	1246:VO-TZ-KABULA-VMF00185	F
VBS55179	EA18-0322	2018-08-25T00:00:00Z	Moshi	Tanzania	1246:VO-TZ-KABULA-VMF00185	F
VBS55180	EA18-0324	2018-08-25T00:00:00Z	Moshi	Tanzania	1246:VO-TZ-KABULA-VMF00185	F
VBS55181	EA18-0325	2018-08-25T00:00:00Z	Moshi	Tanzania	1246:VO-TZ-KABULA-VMF00185	F
VBS55182	EA18-0326	2018-08-25T00:00:00Z	Moshi	Tanzania	1246:VO-TZ-KABULA-VMF00185	F
VBS55183	EA18-0327	2018-08-25T00:00:00Z	Moshi	Tanzania	1246:VO-TZ-KABULA-VMF00185	F
VBS55184	EA18-0328	2018-08-25T00:00:00Z	Moshi	Tanzania	1246:VO-TZ-KABULA-VMF00185	F
VBS55185	EA18-0330	2018-08-25T00:00:00Z	Moshi	Tanzania	1246:VO-TZ-KABULA-VMF00185	F
VBS55186	EA18-0331	2018-08-25T00:00:00Z	Moshi	Tanzania	1246:VO-TZ-KABULA-VMF00185	F
VBS55187	EA18-0332	2018-08-25T00:00:00Z	Moshi	Tanzania	1246:VO-TZ-KABULA-VMF00185	F
VBS55188	EA18-0333	2018-08-25T00:00:00Z	Moshi	Tanzania	1246:VO-TZ-KABULA-VMF00185	F
VBS55189	EA18-0334	2018-08-25T00:00:00Z	Moshi	Tanzania	1246:VO-TZ-KABULA-VMF00185	F
VBS55190	EA18-0335	2018-08-25T00:00:00Z	Moshi	Tanzania	1246:VO-TZ-KABULA-VMF00185	F
VBS55191	EA18-0336	2018-08-25T00:00:00Z	Moshi	Tanzania	1246:VO-TZ-KABULA-VMF00185	F
VBS55192	EA18-0337	2018-08-25T00:00:00Z	Moshi	Tanzania	1246:VO-TZ-KABULA-VMF00185	F
VBS55193	EA18-0338	2018-08-25T00:00:00Z	Moshi	Tanzania	1246:VO-TZ-KABULA-VMF00185	F
VBS55194	EA18-0339	2018-08-25T00:00:00Z	Moshi	Tanzania	1246:VO-TZ-KABULA-VMF00185	F
VBS55195	EA18-0340	2018-08-25T00:00:00Z	Moshi	Tanzania	1246:VO-TZ-KABULA-VMF00185	F
VBS55196	EA18-0341	2018-08-25T00:00:00Z	Moshi	Tanzania	1246:VO-TZ-KABULA-VMF00185	F
VBS55197	EA18-0342	2018-08-25T00:00:00Z	Moshi	Tanzania	1246:VO-TZ-KABULA-VMF00185	F
VBS55198	EA18-0343	2018-08-25T00:00:00Z	Moshi	Tanzania	1246:VO-TZ-KABULA-VMF00185	F
VBS55199	EA18-0344	2018-08-25T00:00:00Z	Moshi	Tanzania	1246:VO-TZ-KABULA-VMF00185	F
VBS55200	EA18-0345	2018-08-25T00:00:00Z	Moshi	Tanzania	1246:VO-TZ-KABULA-VMF00185	F
VBS55201	EA18-0347	2018-08-25T00:00:00Z	Moshi	Tanzania	1246:VO-TZ-KABULA-VMF00185	F
VBS55202	EA18-0348	2018-08-25T00:00:00Z	Moshi	Tanzania	1246:VO-TZ-KABULA-VMF00185	F
VBS55203	EA18-0349	2018-08-25T00:00:00Z	Moshi	Tanzania	1246:VO-TZ-KABULA-VMF00185	F
VBS55204	EA18-0350	2018-08-25T00:00:00Z	Moshi	Tanzania	1246:VO-TZ-KABULA-VMF00185	F
VBS55205	EA18-0351	2018-08-25T00:00:00Z	Moshi	Tanzania	1246:VO-TZ-KABULA-VMF00185	F
VBS55206	EA18-0352	2018-08-25T00:00:00Z	Moshi	Tanzania	1246:VO-TZ-KABULA-VMF00185	F
VBS55207	EA18-0353	2018-08-25T00:00:00Z	Moshi	Tanzania	1246:VO-TZ-KABULA-VMF00185	F
VBS55208	EA18-0354	2018-08-25T00:00:00Z	Moshi	Tanzania	1246:VO-TZ-KABULA-VMF00185	F
VBS55209	EA18-0355	2018-08-25T00:00:00Z	Moshi	Tanzania	1246:VO-TZ-KABULA-VMF00185	F
VBS55210	EA18-0356	2018-08-25T00:00:00Z	Moshi	Tanzania	1246:VO-TZ-KABULA-VMF00185	F
VBS55211	EA18-0357	2018-08-25T00:00:00Z	Moshi	Tanzania	1246:VO-TZ-KABULA-VMF00185	F
VBS55212	EA18-0358	2018-08-25T00:00:00Z	Moshi	Tanzania	1246:VO-TZ-KABULA-VMF00185	F
VBS55213	EA18-0359	2018-08-25T00:00:00Z	Moshi	Tanzania	1246:VO-TZ-KABULA-VMF00185	F
VBS55214	EA18-0361	2018-08-25T00:00:00Z	Moshi	Tanzania	1246:VO-TZ-KABULA-VMF00185	F
VBS55215	EA18-0362	2018-08-25T00:00:00Z	Moshi	Tanzania	1246:VO-TZ-KABULA-VMF00185	F
VBS55216	EA18-0363	2018-08-25T00:00:00Z	Moshi	Tanzania	1246:VO-TZ-KABULA-VMF00185	F
VBS55217	EA18-0364	2018-08-25T00:00:00Z	Moshi	Tanzania	1246:VO-TZ-KABULA-VMF00185	F
VBS55218	EA18-0365	2018-08-25T00:00:00Z	Moshi	Tanzania	1246:VO-TZ-KABULA-VMF00185	F
VBS55219	EA18-0366	2018-08-25T00:00:00Z	Moshi	Tanzania	1246:VO-TZ-KABULA-VMF00185	F
VBS55220	EA18-0367	2018-08-25T00:00:00Z	Moshi	Tanzania	1246:VO-TZ-KABULA-VMF00185	F
VBS55221	EA18-0368	2018-08-25T00:00:00Z	Moshi	Tanzania	1246:VO-TZ-KABULA-VMF00185	F
VBS55222	EA18-0369	2018-08-25T00:00:00Z	Moshi	Tanzania	1246:VO-TZ-KABULA-VMF00185	F
VBS55223	EA18-0370	2018-08-25T00:00:00Z	Moshi	Tanzania	1246:VO-TZ-KABULA-VMF00185	F
VBS55224	EA18-0371	2018-08-25T00:00:00Z	Moshi	Tanzania	1246:VO-TZ-KABULA-VMF00185	F
VBS55225	EA18-0372	2018-08-25T00:00:00Z	Moshi	Tanzania	1246:VO-TZ-KABULA-VMF00185	F
VBS55226	EA18-0373	2018-08-25T00:00:00Z	Moshi	Tanzania	1246:VO-TZ-KABULA-VMF00185	F
VBS55227	EA18-0374	2018-08-25T00:00:00Z	Moshi	Tanzania	1246:VO-TZ-KABULA-VMF00185	F
VBS55229	EA18-0376	2018-08-25T00:00:00Z	Moshi	Tanzania	1246:VO-TZ-KABULA-VMF00185	F
VBS55230	EA18-0378	2018-08-25T00:00:00Z	Moshi	Tanzania	1246:VO-TZ-KABULA-VMF00185	F
VBS55231	EA18-0379	2018-08-25T00:00:00Z	Moshi	Tanzania	1246:VO-TZ-KABULA-VMF00185	F
VBS55232	EA18-0380	2018-08-25T00:00:00Z	Moshi	Tanzania	1246:VO-TZ-KABULA-VMF00185	F
VBS55233	EA18-0381	2018-08-25T00:00:00Z	Moshi	Tanzania	1246:VO-TZ-KABULA-VMF00185	F
VBS55234	EA18-0382	2018-08-25T00:00:00Z	Moshi	Tanzania	1246:VO-TZ-KABULA-VMF00185	F
VBS55235	EA18-0383	2018-08-25T00:00:00Z	Moshi	Tanzania	1246:VO-TZ-KABULA-VMF00185	F
VBS55236	EA18-0384	2018-08-25T00:00:00Z	Moshi	Tanzania	1246:VO-TZ-KABULA-VMF00185	F
VBS55237	EA18-0385	2018-07-25T00:00:00Z	Muleba	Tanzania	1246:VO-TZ-KABULA-VMF00185	F
VBS55238	EA18-0386	2018-07-25T00:00:00Z	Muleba	Tanzania	1246:VO-TZ-KABULA-VMF00185	F
VBS55239	EA18-0387	2018-07-25T00:00:00Z	Muleba	Tanzania	1246:VO-TZ-KABULA-VMF00185	F
VBS55240	EA18-0388	2018-07-25T00:00:00Z	Muleba	Tanzania	1246:VO-TZ-KABULA-VMF00185	F
VBS55241	EA18-0389	2018-07-25T00:00:00Z	Muleba	Tanzania	1246:VO-TZ-KABULA-VMF00185	F
VBS55242	EA18-0390	2018-07-25T00:00:00Z	Muleba	Tanzania	1246:VO-TZ-KABULA-VMF00185	F
VBS55243	EA18-0392	2018-07-25T00:00:00Z	Muleba	Tanzania	1246:VO-TZ-KABULA-VMF00185	F
VBS55244	EA18-0393	2018-07-25T00:00:00Z	Muleba	Tanzania	1246:VO-TZ-KABULA-VMF00185	F
VBS55245	EA18-0394	2018-07-25T00:00:00Z	Muleba	Tanzania	1246:VO-TZ-KABULA-VMF00185	F
VBS55246	EA18-0395	2018-07-25T00:00:00Z	Muleba	Tanzania	1246:VO-TZ-KABULA-VMF00185	F
VBS55247	EA18-0396	2018-07-25T00:00:00Z	Muleba	Tanzania	1246:VO-TZ-KABULA-VMF00185	F
VBS55248	EA18-0397	2018-07-25T00:00:00Z	Muleba	Tanzania	1246:VO-TZ-KABULA-VMF00185	F
VBS55249	EA18-0398	2018-07-25T00:00:00Z	Muleba	Tanzania	1246:VO-TZ-KABULA-VMF00185	F
VBS55250	EA18-0399	2018-07-25T00:00:00Z	Muleba	Tanzania	1246:VO-TZ-KABULA-VMF00185	F
VBS55252	EA18-0401	2018-07-25T00:00:00Z	Muleba	Tanzania	1246:VO-TZ-KABULA-VMF00185	F
VBS55253	EA18-0402	2018-07-25T00:00:00Z	Muleba	Tanzania	1246:VO-TZ-KABULA-VMF00185	F
VBS55254	EA18-0403	2018-07-25T00:00:00Z	Muleba	Tanzania	1246:VO-TZ-KABULA-VMF00185	F
VBS55255	EA18-0404	2018-07-25T00:00:00Z	Muleba	Tanzania	1246:VO-TZ-KABULA-VMF00185	F
VBS55256	EA18-0405	2018-07-25T00:00:00Z	Muleba	Tanzania	1246:VO-TZ-KABULA-VMF00185	F
VBS55257	EA18-0406	2018-07-25T00:00:00Z	Muleba	Tanzania	1246:VO-TZ-KABULA-VMF00185	F
VBS55258	EA18-0407	2018-07-25T00:00:00Z	Muleba	Tanzania	1246:VO-TZ-KABULA-VMF00185	F
VBS55259	EA18-0408	2018-07-25T00:00:00Z	Muleba	Tanzania	1246:VO-TZ-KABULA-VMF00185	F
VBS55261	EA18-0410	2018-07-25T00:00:00Z	Muleba	Tanzania	1246:VO-TZ-KABULA-VMF00185	F
VBS55262	EA18-0411	2018-07-25T00:00:00Z	Muleba	Tanzania	1246:VO-TZ-KABULA-VMF00185	F
VBS55263	EA18-0412	2018-07-25T00:00:00Z	Muleba	Tanzania	1246:VO-TZ-KABULA-VMF00185	F
VBS55265	EA18-0414	2018-07-25T00:00:00Z	Muleba	Tanzania	1246:VO-TZ-KABULA-VMF00185	F
VBS55266	EA18-0415	2018-07-25T00:00:00Z	Muleba	Tanzania	1246:VO-TZ-KABULA-VMF00185	F
VBS55267	EA18-0416	2018-07-25T00:00:00Z	Muleba	Tanzania	1246:VO-TZ-KABULA-VMF00185	F
VBS55268	EA18-0417	2018-07-25T00:00:00Z	Muleba	Tanzania	1246:VO-TZ-KABULA-VMF00185	F
VBS55269	EA18-0418	2018-07-25T00:00:00Z	Muleba	Tanzania	1246:VO-TZ-KABULA-VMF00185	F
VBS55270	EA18-0420	2018-07-25T00:00:00Z	Muleba	Tanzania	1246:VO-TZ-KABULA-VMF00185	F
VBS55271	EA18-0421	2018-07-25T00:00:00Z	Muleba	Tanzania	1246:VO-TZ-KABULA-VMF00185	F
VBS55272	EA18-0422	2018-07-25T00:00:00Z	Muleba	Tanzania	1246:VO-TZ-KABULA-VMF00185	F
VBS55273	EA18-0423	2018-07-25T00:00:00Z	Muleba	Tanzania	1246:VO-TZ-KABULA-VMF00185	F
VBS55274	EA18-0424	2018-07-25T00:00:00Z	Muleba	Tanzania	1246:VO-TZ-KABULA-VMF00185	F
VBS55275	EA18-0425	2018-07-25T00:00:00Z	Muleba	Tanzania	1246:VO-TZ-KABULA-VMF00185	F
VBS55276	EA18-0426	2018-07-25T00:00:00Z	Muleba	Tanzania	1246:VO-TZ-KABULA-VMF00185	F
VBS55277	EA18-0427	2018-07-25T00:00:00Z	Muleba	Tanzania	1246:VO-TZ-KABULA-VMF00185	F
VBS55278	EA18-0428	2018-07-25T00:00:00Z	Muleba	Tanzania	1246:VO-TZ-KABULA-VMF00185	F
VBS55279	EA18-0429	2018-07-25T00:00:00Z	Muleba	Tanzania	1246:VO-TZ-KABULA-VMF00185	F
VBS55280	EA18-0430	2018-07-25T00:00:00Z	Muleba	Tanzania	1246:VO-TZ-KABULA-VMF00185	F
VBS55281	EA18-0431	2018-07-25T00:00:00Z	Muleba	Tanzania	1246:VO-TZ-KABULA-VMF00185	F
VBS55282	EA18-0432	2018-07-25T00:00:00Z	Muleba	Tanzania	1246:VO-TZ-KABULA-VMF00185	F
VBS55283	EA18-0433	2018-07-25T00:00:00Z	Muleba	Tanzania	1246:VO-TZ-KABULA-VMF00185	F
VBS55284	EA18-0434	2018-07-25T00:00:00Z	Muleba	Tanzania	1246:VO-TZ-KABULA-VMF00185	F
VBS55285	EA18-0435	2018-07-25T00:00:00Z	Muleba	Tanzania	1246:VO-TZ-KABULA-VMF00185	F
VBS55286	EA18-0436	2018-07-25T00:00:00Z	Muleba	Tanzania	1246:VO-TZ-KABULA-VMF00185	F
VBS55287	EA18-0437	2018-07-25T00:00:00Z	Muleba	Tanzania	1246:VO-TZ-KABULA-VMF00185	F
VBS55288	EA18-0438	2018-07-25T00:00:00Z	Muleba	Tanzania	1246:VO-TZ-KABULA-VMF00185	F
VBS55289	EA18-0440	2018-07-25T00:00:00Z	Muleba	Tanzania	1246:VO-TZ-KABULA-VMF00185	F
VBS55290	EA18-0441	2018-07-25T00:00:00Z	Muleba	Tanzania	1246:VO-TZ-KABULA-VMF00185	F
VBS55291	EA18-0442	2018-07-25T00:00:00Z	Muleba	Tanzania	1246:VO-TZ-KABULA-VMF00185	F
VBS55292	EA18-0443	2018-07-25T00:00:00Z	Muleba	Tanzania	1246:VO-TZ-KABULA-VMF00185	F
VBS55293	EA18-0444	2018-07-25T00:00:00Z	Muleba	Tanzania	1246:VO-TZ-KABULA-VMF00185	F
VBS55294	EA18-0445	2018-07-25T00:00:00Z	Muleba	Tanzania	1246:VO-TZ-KABULA-VMF00185	F
VBS55295	EA18-0446	2018-07-25T00:00:00Z	Muleba	Tanzania	1246:VO-TZ-KABULA-VMF00185	F
VBS55296	EA18-0447	2018-07-25T00:00:00Z	Muleba	Tanzania	1246:VO-TZ-KABULA-VMF00185	F
VBS55297	EA18-0449	2018-07-25T00:00:00Z	Muleba	Tanzania	1246:VO-TZ-KABULA-VMF00185	F
VBS55298	EA18-0450	2018-07-25T00:00:00Z	Muleba	Tanzania	1246:VO-TZ-KABULA-VMF00185	F
VBS55299	EA18-0451	2018-07-25T00:00:00Z	Muleba	Tanzania	1246:VO-TZ-KABULA-VMF00185	F
VBS55300	EA18-0452	2018-07-25T00:00:00Z	Muleba	Tanzania	1246:VO-TZ-KABULA-VMF00185	F
VBS55301	EA18-0453	2018-07-25T00:00:00Z	Muleba	Tanzania	1246:VO-TZ-KABULA-VMF00185	F
VBS55302	EA18-0454	2018-07-25T00:00:00Z	Muleba	Tanzania	1246:VO-TZ-KABULA-VMF00185	F
VBS55304	EA18-0456	2018-07-25T00:00:00Z	Muleba	Tanzania	1246:VO-TZ-KABULA-VMF00185	F
VBS55305	EA18-0457	2018-07-25T00:00:00Z	Muleba	Tanzania	1246:VO-TZ-KABULA-VMF00185	F
VBS55306	EA18-0458	2018-07-25T00:00:00Z	Muleba	Tanzania	1246:VO-TZ-KABULA-VMF00185	F
VBS55307	EA18-0459	2018-07-25T00:00:00Z	Muleba	Tanzania	1246:VO-TZ-KABULA-VMF00185	F
VBS55308	EA18-0460	2018-07-25T00:00:00Z	Muleba	Tanzania	1246:VO-TZ-KABULA-VMF00185	F
VBS55309	EA18-0461	2018-07-25T00:00:00Z	Muleba	Tanzania	1246:VO-TZ-KABULA-VMF00185	F
VBS55310	EA18-0462	2018-07-25T00:00:00Z	Muleba	Tanzania	1246:VO-TZ-KABULA-VMF00185	F
VBS55311	EA18-0463	2018-07-25T00:00:00Z	Muleba	Tanzania	1246:VO-TZ-KABULA-VMF00185	F
VBS55312	EA18-0464	2018-07-25T00:00:00Z	Muleba	Tanzania	1246:VO-TZ-KABULA-VMF00185	F
VBS55313	EA18-0465	2018-07-25T00:00:00Z	Muleba	Tanzania	1246:VO-TZ-KABULA-VMF00185	F
VBS55314	EA18-0466	2018-07-25T00:00:00Z	Muleba	Tanzania	1246:VO-TZ-KABULA-VMF00185	F
VBS55315	EA18-0467	2018-07-25T00:00:00Z	Muleba	Tanzania	1246:VO-TZ-KABULA-VMF00185	F
VBS55316	EA18-0468	2018-07-25T00:00:00Z	Muleba	Tanzania	1246:VO-TZ-KABULA-VMF00185	F
VBS55317	EA18-0469	2018-07-25T00:00:00Z	Muleba	Tanzania	1246:VO-TZ-KABULA-VMF00185	F
VBS55318	EA18-0470	2018-07-25T00:00:00Z	Muleba	Tanzania	1246:VO-TZ-KABULA-VMF00185	F
VBS55319	EA18-0471	2018-07-25T00:00:00Z	Muleba	Tanzania	1246:VO-TZ-KABULA-VMF00185	F
VBS55320	EA18-0472	2018-07-25T00:00:00Z	Muleba	Tanzania	1246:VO-TZ-KABULA-VMF00185	F
VBS55321	EA18-0473	2018-07-25T00:00:00Z	Muleba	Tanzania	1246:VO-TZ-KABULA-VMF00185	F
VBS55322	EA18-0474	2018-07-25T00:00:00Z	Muleba	Tanzania	1246:VO-TZ-KABULA-VMF00185	F
VBS55323	EA18-0475	2018-07-25T00:00:00Z	Muleba	Tanzania	1246:VO-TZ-KABULA-VMF00185	F
VBS55324	EA18-0476	2018-07-25T00:00:00Z	Muleba	Tanzania	1246:VO-TZ-KABULA-VMF00185	F
VBS55325	EA18-0477	2018-07-25T00:00:00Z	Muleba	Tanzania	1246:VO-TZ-KABULA-VMF00185	F
VBS55326	EA18-0478	2018-07-25T00:00:00Z	Muleba	Tanzania	1246:VO-TZ-KABULA-VMF00185	F
VBS55327	EA18-0479	2018-07-25T00:00:00Z	Muleba	Tanzania	1246:VO-TZ-KABULA-VMF00185	F
VBS55328	EA18-0480	2018-07-25T00:00:00Z	Muleba	Tanzania	1246:VO-TZ-KABULA-VMF00185	F
VBS55329	EA18-0481	2018-07-25T00:00:00Z	Muleba	Tanzania	1246:VO-TZ-KABULA-VMF00185	F
VBS55330	EA18-0482	2018-07-25T00:00:00Z	Muleba	Tanzania	1246:VO-TZ-KABULA-VMF00185	F
VBS55331	EA18-0483	2018-07-25T00:00:00Z	Muleba	Tanzania	1246:VO-TZ-KABULA-VMF00185	F
VBS55332	EA18-0484	2018-07-25T00:00:00Z	Muleba	Tanzania	1246:VO-TZ-KABULA-VMF00185	F
VBS55333	EA18-0485	2018-07-25T00:00:00Z	Muleba	Tanzania	1246:VO-TZ-KABULA-VMF00185	F
VBS55334	EA18-0486	2018-07-25T00:00:00Z	Muleba	Tanzania	1246:VO-TZ-KABULA-VMF00185	F
VBS55335	EA18-0487	2018-07-25T00:00:00Z	Muleba	Tanzania	1246:VO-TZ-KABULA-VMF00185	F
VBS55336	EA18-0488	2018-07-25T00:00:00Z	Muleba	Tanzania	1246:VO-TZ-KABULA-VMF00185	F
VBS55337	EA18-0489	2018-07-25T00:00:00Z	Muleba	Tanzania	1246:VO-TZ-KABULA-VMF00185	F
VBS55338	EA18-0490	2018-07-25T00:00:00Z	Muleba	Tanzania	1246:VO-TZ-KABULA-VMF00185	F
VBS55339	EA18-0491	2018-07-25T00:00:00Z	Muleba	Tanzania	1246:VO-TZ-KABULA-VMF00185	F
VBS55340	EA18-0492	2018-07-25T00:00:00Z	Muleba	Tanzania	1246:VO-TZ-KABULA-VMF00185	F
VBS55341	EA18-0493	2018-07-25T00:00:00Z	Muleba	Tanzania	1246:VO-TZ-KABULA-VMF00185	F
VBS55342	EA18-0494	2018-07-25T00:00:00Z	Muleba	Tanzania	1246:VO-TZ-KABULA-VMF00185	F
VBS55343	EA18-0495	2018-07-25T00:00:00Z	Muleba	Tanzania	1246:VO-TZ-KABULA-VMF00185	F
VBS55344	EA18-0496	2018-07-25T00:00:00Z	Muleba	Tanzania	1246:VO-TZ-KABULA-VMF00185	F
VBS55345	EA18-0497	2018-07-25T00:00:00Z	Muleba	Tanzania	1246:VO-TZ-KABULA-VMF00185	F
VBS55346	EA18-0498	2018-07-25T00:00:00Z	Muleba	Tanzania	1246:VO-TZ-KABULA-VMF00185	F
VBS55347	EA18-0499	2018-07-25T00:00:00Z	Muleba	Tanzania	1246:VO-TZ-KABULA-VMF00185	F
VBS55348	EA18-0500	2018-07-25T00:00:00Z	Muleba	Tanzania	1246:VO-TZ-KABULA-VMF00185	F
VBS55349	EA18-0501	2018-07-25T00:00:00Z	Muleba	Tanzania	1246:VO-TZ-KABULA-VMF00185	F
VBS55350	EA18-0502	2018-07-25T00:00:00Z	Muleba	Tanzania	1246:VO-TZ-KABULA-VMF00185	F
VBS55351	EA18-0503	2018-07-25T00:00:00Z	Muleba	Tanzania	1246:VO-TZ-KABULA-VMF00185	F
VBS55352	EA18-0504	2018-07-25T00:00:00Z	Muleba	Tanzania	1246:VO-TZ-KABULA-VMF00185	F
VBS55353	EA18-0505	2018-07-25T00:00:00Z	Muleba	Tanzania	1246:VO-TZ-KABULA-VMF00185	F
VBS55354	EA18-0506	2018-07-25T00:00:00Z	Muleba	Tanzania	1246:VO-TZ-KABULA-VMF00185	F
VBS55355	EA18-0507	2018-07-25T00:00:00Z	Muleba	Tanzania	1246:VO-TZ-KABULA-VMF00185	F
VBS55356	EA18-0508	2018-07-25T00:00:00Z	Muleba	Tanzania	1246:VO-TZ-KABULA-VMF00185	F
VBS55357	EA18-0509	2018-07-25T00:00:00Z	Muleba	Tanzania	1246:VO-TZ-KABULA-VMF00185	F
VBS55358	EA18-0510	2018-07-25T00:00:00Z	Muleba	Tanzania	1246:VO-TZ-KABULA-VMF00185	F
VBS55359	EA18-0511	2018-07-25T00:00:00Z	Muleba	Tanzania	1246:VO-TZ-KABULA-VMF00185	F
VBS55360	EA18-0512	2018-07-25T00:00:00Z	Muleba	Tanzania	1246:VO-TZ-KABULA-VMF00185	F
VBS55361	EA18-0513	2018-07-25T00:00:00Z	Muleba	Tanzania	1246:VO-TZ-KABULA-VMF00185	F
VBS55362	EA18-0514	2018-07-25T00:00:00Z	Muleba	Tanzania	1246:VO-TZ-KABULA-VMF00185	F
VBS55363	EA18-0515	2018-07-25T00:00:00Z	Muleba	Tanzania	1246:VO-TZ-KABULA-VMF00185	F
VBS55364	EA18-0516	2018-07-25T00:00:00Z	Muleba	Tanzania	1246:VO-TZ-KABULA-VMF00185	F
VBS55365	EA18-0517	2018-07-25T00:00:00Z	Muleba	Tanzania	1246:VO-TZ-KABULA-VMF00185	F
VBS55366	EA18-0518	2018-07-25T00:00:00Z	Muleba	Tanzania	1246:VO-TZ-KABULA-VMF00185	F
VBS55368	EA18-0520	2018-07-25T00:00:00Z	Muleba	Tanzania	1246:VO-TZ-KABULA-VMF00185	F
VBS55369	EA18-0521	2018-07-25T00:00:00Z	Muleba	Tanzania	1246:VO-TZ-KABULA-VMF00185	F
VBS55370	EA18-0522	2018-07-25T00:00:00Z	Muleba	Tanzania	1246:VO-TZ-KABULA-VMF00185	F
VBS55371	EA18-0523	2018-07-25T00:00:00Z	Muleba	Tanzania	1246:VO-TZ-KABULA-VMF00185	F
VBS55372	EA18-0524	2018-07-25T00:00:00Z	Muleba	Tanzania	1246:VO-TZ-KABULA-VMF00185	F
VBS55373	EA18-0525	2018-07-25T00:00:00Z	Muleba	Tanzania	1246:VO-TZ-KABULA-VMF00185	F
VBS55374	EA18-0526	2018-07-25T00:00:00Z	Muleba	Tanzania	1246:VO-TZ-KABULA-VMF00185	F
VBS55375	EA18-0527	2018-07-25T00:00:00Z	Muleba	Tanzania	1246:VO-TZ-KABULA-VMF00185	F
VBS55376	EA18-0528	2018-07-25T00:00:00Z	Muleba	Tanzania	1246:VO-TZ-KABULA-VMF00185	F
VBS55377	EA18-0529	2018-07-25T00:00:00Z	Muleba	Tanzania	1246:VO-TZ-KABULA-VMF00185	F
VBS55378	EA18-0531	2018-07-25T00:00:00Z	Muleba	Tanzania	1246:VO-TZ-KABULA-VMF00185	F
VBS55379	EA18-0532	2018-07-25T00:00:00Z	Muleba	Tanzania	1246:VO-TZ-KABULA-VMF00185	F
VBS55380	EA18-0533	2018-07-25T00:00:00Z	Muleba	Tanzania	1246:VO-TZ-KABULA-VMF00185	F
VBS55381	EA18-0534	2018-07-25T00:00:00Z	Muleba	Tanzania	1246:VO-TZ-KABULA-VMF00185	F
VBS55382	EA18-0535	2018-07-25T00:00:00Z	Muleba	Tanzania	1246:VO-TZ-KABULA-VMF00185	F
VBS55383	EA18-0536	2018-07-25T00:00:00Z	Muleba	Tanzania	1246:VO-TZ-KABULA-VMF00185	F
VBS55384	EA18-0537	2018-07-25T00:00:00Z	Muleba	Tanzania	1246:VO-TZ-KABULA-VMF00185	F
VBS55385	EA18-0538	2018-07-25T00:00:00Z	Muleba	Tanzania	1246:VO-TZ-KABULA-VMF00185	F
VBS55386	EA18-0539	2018-07-25T00:00:00Z	Muleba	Tanzania	1246:VO-TZ-KABULA-VMF00185	F
VBS55387	EA18-0540	2018-07-25T00:00:00Z	Muleba	Tanzania	1246:VO-TZ-KABULA-VMF00185	F
VBS55389	EA18-0542	2018-07-25T00:00:00Z	Muleba	Tanzania	1246:VO-TZ-KABULA-VMF00185	F
VBS55390	EA18-0543	2018-07-25T00:00:00Z	Muleba	Tanzania	1246:VO-TZ-KABULA-VMF00185	F
VBS55391	EA18-0544	2018-07-25T00:00:00Z	Muleba	Tanzania	1246:VO-TZ-KABULA-VMF00185	F
VBS55392	EA18-0545	2018-07-25T00:00:00Z	Muleba	Tanzania	1246:VO-TZ-KABULA-VMF00185	F
VBS55393	EA18-0546	2018-07-25T00:00:00Z	Muleba	Tanzania	1246:VO-TZ-KABULA-VMF00185	F
VBS55394	EA18-0547	2018-07-25T00:00:00Z	Muleba	Tanzania	1246:VO-TZ-KABULA-VMF00185	F
VBS55395	EA18-0548	2018-07-25T00:00:00Z	Muleba	Tanzania	1246:VO-TZ-KABULA-VMF00185	F
VBS55396	EA18-0549	2018-07-25T00:00:00Z	Muleba	Tanzania	1246:VO-TZ-KABULA-VMF00185	F
VBS55397	EA18-0550	2018-07-25T00:00:00Z	Muleba	Tanzania	1246:VO-TZ-KABULA-VMF00185	F
VBS55398	EA18-0551	2018-07-25T00:00:00Z	Muleba	Tanzania	1246:VO-TZ-KABULA-VMF00185	F
VBS55399	EA18-0552	2018-07-25T00:00:00Z	Muleba	Tanzania	1246:VO-TZ-KABULA-VMF00185	F
VBS55400	EA18-0553	2018-07-25T00:00:00Z	Muleba	Tanzania	1246:VO-TZ-KABULA-VMF00185	F
VBS55401	EA18-0554	2018-07-25T00:00:00Z	Muleba	Tanzania	1246:VO-TZ-KABULA-VMF00185	F
VBS55402	EA18-0555	2018-07-25T00:00:00Z	Muleba	Tanzania	1246:VO-TZ-KABULA-VMF00185	F
VBS55403	EA18-0556	2018-07-25T00:00:00Z	Muleba	Tanzania	1246:VO-TZ-KABULA-VMF00185	F
VBS55404	EA18-0557	2018-07-25T00:00:00Z	Muleba	Tanzania	1246:VO-TZ-KABULA-VMF00185	F
VBS55405	EA18-0558	2018-07-25T00:00:00Z	Muleba	Tanzania	1246:VO-TZ-KABULA-VMF00185	F
VBS55406	EA18-0559	2018-07-25T00:00:00Z	Muleba	Tanzania	1246:VO-TZ-KABULA-VMF00185	F
VBS55407	EA18-0560	2018-07-25T00:00:00Z	Muleba	Tanzania	1246:VO-TZ-KABULA-VMF00185	F
VBS55408	EA18-0561	2018-07-25T00:00:00Z	Muleba	Tanzania	1246:VO-TZ-KABULA-VMF00185	F
VBS55409	EA18-0562	2018-07-25T00:00:00Z	Muleba	Tanzania	1246:VO-TZ-KABULA-VMF00185	F
VBS55410	EA18-0563	2018-07-25T00:00:00Z	Muleba	Tanzania	1246:VO-TZ-KABULA-VMF00185	F
VBS55411	EA18-0564	2018-07-25T00:00:00Z	Muleba	Tanzania	1246:VO-TZ-KABULA-VMF00185	F
VBS55412	EA18-0565	2018-07-25T00:00:00Z	Muleba	Tanzania	1246:VO-TZ-KABULA-VMF00185	F
VBS55413	EA18-0566	2018-07-25T00:00:00Z	Muleba	Tanzania	1246:VO-TZ-KABULA-VMF00185	F
VBS55414	EA18-0567	2018-07-25T00:00:00Z	Muleba	Tanzania	1246:VO-TZ-KABULA-VMF00185	F
VBS55415	EA18-0568	2018-07-25T00:00:00Z	Muleba	Tanzania	1246:VO-TZ-KABULA-VMF00185	F
VBS55416	EA18-0569	2018-07-25T00:00:00Z	Muleba	Tanzania	1246:VO-TZ-KABULA-VMF00185	F
VBS55417	EA18-0570	2018-07-25T00:00:00Z	Muleba	Tanzania	1246:VO-TZ-KABULA-VMF00185	F
VBS55418	EA18-0571	2018-07-25T00:00:00Z	Muleba	Tanzania	1246:VO-TZ-KABULA-VMF00185	F
VBS55419	EA18-0572	2018-07-25T00:00:00Z	Muleba	Tanzania	1246:VO-TZ-KABULA-VMF00185	F
VBS55420	EA18-0573	2018-07-25T00:00:00Z	Muleba	Tanzania	1246:VO-TZ-KABULA-VMF00185	F
VBS55421	EA18-0575	2018-07-25T00:00:00Z	Muleba	Tanzania	1246:VO-TZ-KABULA-VMF00185	F
VBS55422	EA18-0576	2018-07-25T00:00:00Z	Muleba	Tanzania	1246:VO-TZ-KABULA-VMF00185	F
